name,address,website,phone_number,keyword,zipcode
Results,"
43160 Amberwood Plaza, South Riding, VA 20152","
propelswimacademy.com","
(703) 544-1992",kids swimming lessons,22116
Results,"
Chinquapin Park Recreation Center, 3210 King St, Alexandria, VA 22302","
weaquatics.com","
(202) 656-8423",kids swimming lessons,22116
Results,"
5183B Langston Blvd., Arlington, VA 22207","
theswimbox.com","
(703) 904-6340",kids swimming lessons,22116
Results,"
5183B Langston Blvd., Arlington, VA 22207","
theswimbox.com","
(703) 904-6340",kids swimming lessons,22116
Results,"
5183B Langston Blvd., Arlington, VA 22207","
theswimbox.com","
(703) 904-6340",kids swimming lessons,22116
Results,"
5183B Langston Blvd., Arlington, VA 22207","
theswimbox.com","
(703) 904-6340",kids swimming lessons,22116
Results,"
10371 Central Park Dr, Manassas, VA 20110","
swimoccs.org","
(703) 393-2632",kids swimming lessons,22116
Results,"
10371 Central Park Dr, Manassas, VA 20110","
swimoccs.org","
(703) 393-2632",kids swimming lessons,22116
Results,,,,indoor swim lessons for kids,22116
Results,,,,indoor swim lessons for kids,22116
Results,,,,indoor swim lessons for kids,22116
Results,,,,indoor swim lessons for kids,22116
Results,,,,indoor swim lessons for kids,22116
Results,,,,indoor swim lessons for kids,22116
Results,,,,indoor swim lessons for kids,22116
Results,,,,indoor swim lessons for kids,22116
Results,,,,indoor swim lessons for kids,22116
Results,,,,indoor swim lessons for kids,22116
Results,,,,indoor swim lessons for kids,22116
Results,,,,indoor swim lessons for kids,22116
Results,,,,indoor swim lessons for kids,22116
Results,,,,indoor swim lessons for kids,22116
Results,,,,indoor swim lessons for kids,22116
Results,"
25401 Eastern Marketplace Plaza Ste. 195, Chantilly, VA 20152","
aqua-tots.com","
(703) 291-4640",indoor swim lessons for kids,22116
Results,"
25401 Eastern Marketplace Plaza Ste. 195, Chantilly, VA 20152","
aqua-tots.com","
(703) 291-4640",indoor swim lessons for kids,22116
Results,"
25401 Eastern Marketplace Plaza Ste. 195, Chantilly, VA 20152","
aqua-tots.com","
(703) 291-4640",indoor swim lessons for kids,22116
Results,"
25401 Eastern Marketplace Plaza Ste. 195, Chantilly, VA 20152","
aqua-tots.com","
(703) 291-4640",indoor swim lessons for kids,22116
Results,"
25401 Eastern Marketplace Plaza Ste. 195, Chantilly, VA 20152","
aqua-tots.com","
(703) 291-4640",indoor swim lessons for kids,22116
Results,"
25401 Eastern Marketplace Plaza Ste. 195, Chantilly, VA 20152","
aqua-tots.com","
(703) 291-4640",indoor swim lessons for kids,22116
Results,"
25401 Eastern Marketplace Plaza Ste. 195, Chantilly, VA 20152","
aqua-tots.com","
(703) 291-4640",indoor swim lessons for kids,22116
Results,"
25401 Eastern Marketplace Plaza Ste. 195, Chantilly, VA 20152","
aqua-tots.com","
(703) 291-4640",indoor swim lessons for kids,22116
Results,"
25401 Eastern Marketplace Plaza Ste. 195, Chantilly, VA 20152","
aqua-tots.com","
(703) 291-4640",indoor swim lessons for kids,22116
Results,"
7550 Reservation Dr, Springfield, VA 22153","
fairfaxcounty.gov","
(703) 866-0566",indoor swim lessons for kids,22116
Results,"
7550 Reservation Dr, Springfield, VA 22153","
fairfaxcounty.gov","
(703) 866-0566",indoor swim lessons for kids,22116
Results,"
7550 Reservation Dr, Springfield, VA 22153","
fairfaxcounty.gov","
(703) 866-0566",indoor swim lessons for kids,22116
Results,"
7550 Reservation Dr, Springfield, VA 22153","
fairfaxcounty.gov","
(703) 866-0566",indoor swim lessons for kids,22116
Results,"
7550 Reservation Dr, Springfield, VA 22153","
fairfaxcounty.gov","
(703) 866-0566",indoor swim lessons for kids,22116
Results,"
7550 Reservation Dr, Springfield, VA 22153","
fairfaxcounty.gov","
(703) 866-0566",indoor swim lessons for kids,22116
Results,"
7550 Reservation Dr, Springfield, VA 22153","
fairfaxcounty.gov","
(703) 866-0566",indoor swim lessons for kids,22116
Results,"
7550 Reservation Dr, Springfield, VA 22153","
fairfaxcounty.gov","
(703) 866-0566",indoor swim lessons for kids,22116
Results,,,,swimming classes for kids,22116
Results,,,,swimming classes for kids,22116
Results,,,,swimming classes for kids,22116
Results,,,,youth swimming programs,22116
Results,,,,youth swimming programs,22116
Results,,,,youth swimming programs,22116
Results,"
4520 Patriot Cir, Fairfax, VA 22030","
recreation.gmu.edu","
(703) 993-3939",youth swimming programs,22116
Results,"
4520 Patriot Cir, Fairfax, VA 22030","
recreation.gmu.edu","
(703) 993-3939",youth swimming programs,22116
Results,"
1814 Great Falls St, McLean, VA 22101","
tuckahoe.net","
(703) 356-1205",youth swimming programs,22116
Results,"
1814 Great Falls St, McLean, VA 22101","
tuckahoe.net","
(703) 356-1205",youth swimming programs,22116
Results,"
1814 Great Falls St, McLean, VA 22101","
tuckahoe.net","
(703) 356-1205",youth swimming programs,22116
Results,"
1814 Great Falls St, McLean, VA 22101","
tuckahoe.net","
(703) 356-1205",youth swimming programs,22116
Results,,,,kids swimming lessons,22121
Results,,,,kids swimming lessons,22121
Results,,,,kids swimming lessons,22121
Results,,,,kids swimming lessons,22121
Results,,,,kids swimming lessons,22121
Results,,,,kids swimming lessons,22121
Results,"4300 Military Rd NW, Washington, DC 20015",safesplash.com,(202) 963-0833,kids swimming lessons,22121
Results,"
1205 Carmia Way, Bon Air, VA 23235","
aqua-tots.com","
(804) 205-1184",indoor swim lessons for kids,22121
Results,"
1205 Carmia Way, Bon Air, VA 23235","
aqua-tots.com","
(804) 205-1184",indoor swim lessons for kids,22121
Results,"
1205 Carmia Way, Bon Air, VA 23235","
aqua-tots.com","
(804) 205-1184",indoor swim lessons for kids,22121
Results,"
1205 Carmia Way, Bon Air, VA 23235","
aqua-tots.com","
(804) 205-1184",indoor swim lessons for kids,22121
Results,"
1205 Carmia Way, Bon Air, VA 23235","
aqua-tots.com","
(804) 205-1184",indoor swim lessons for kids,22121
Results,"
1205 Carmia Way, Bon Air, VA 23235","
aqua-tots.com","
(804) 205-1184",indoor swim lessons for kids,22121
Results,"
1205 Carmia Way, Bon Air, VA 23235","
aqua-tots.com","
(804) 205-1184",indoor swim lessons for kids,22121
Results,"
1205 Carmia Way, Bon Air, VA 23235","
aqua-tots.com","
(804) 205-1184",indoor swim lessons for kids,22121
Results,,,,swimming classes for kids,22121
Results,,,,swimming classes for kids,22121
Results,,,,youth swimming programs,22121
