name,address,website,phone_number,latitude,longitude,keyword,searched_zipcode,category
Big+Blue+Swim+School,"
9658 Main St, Fairfax, VA 22031","
bigblueswimschool.com","
(571) 357-2858",38.8431009,-114.1899343,kids swimming lessons,22116,
Propel+Swim+Academy,"
43160 Amberwood Plaza, South Riding, VA 20152","
propelswimacademy.com","
(703) 544-1992",38.8431009,-114.1899343,kids swimming lessons,22116,
Big+Blue+Swim+School,"
6112-A Arlington Blvd, Seven Corners, VA 22044","
bigblueswimschool.com","
(571) 786-8102",38.8431009,-114.1899343,kids swimming lessons,22116,
Swimbox,"
5183B Langston Blvd., Arlington, VA 22207","
theswimbox.com","
(703) 904-6340",38.8431009,-114.1899343,kids swimming lessons,22116,
Central+Park+Aquatic+Center%2F+Occoquan+Swim+Academy,"
10371 Central Park Dr, Manassas, VA 20110","
swimoccs.org","
(703) 393-2632",38.8431009,-114.1899343,kids swimming lessons,22116,
Weaquatics,"
Chinquapin Park Recreation Center, 3210 King St, Alexandria, VA 22302","
weaquatics.com","
(202) 656-8423",38.8431009,-114.1899343,kids swimming lessons,22116,
Big+Blue+Swim+School,"
7202 Old Keene Mill Rd, Springfield, VA 22150","
bigblueswimschool.com","
(571) 866-9101",38.8431009,-114.1899343,kids swimming lessons,22116,
Machine+Performance+Center,"
204 Mill St NE D, Vienna, VA 22180","
machineperformancecenter.com","
(703) 281-2104",38.8431009,-114.1899343,kids swimming lessons,22116,
Goldfish+Swim+School+ +Falls+Church,"
7395 Lee Hwy Suite K, Falls Church, VA 22042","
goldfishswimschool.com","
(703) 215-4593",38.8431009,-114.1899343,kids swimming lessons,22116,
Swimkids+Swim+School+ +Leesburg,"
681 Potomac Station Dr, Leesburg, VA 20176","
swimkids.us","
(703) 962-7946",38.8431009,-114.1899343,kids swimming lessons,22116,
Big+Blue+Swim+School,"
13015 Lee Jackson Memorial Hwy Service Rd, Fairfax, VA 22033","
bigblueswimschool.com","
(571) 773-7559",38.8431009,-114.1899343,kids swimming lessons,22116,
Kids+First+Swim+School+ +Springfield,"
5238 Port Royal Rd, Springfield, VA 22151","
kidsfirstnova.com","
(703) 321-7946",38.8431009,-114.1899343,kids swimming lessons,22116,
Aqua Tots+Swim+School+Falls+Church,"
1104b W Broad St, Falls Church, VA 22046","
aqua-tots.com","
(571) 356-9985",38.8431009,-114.1899343,kids swimming lessons,22116,
Spring+Hill+Rec+Center,"
1239 Spring Hill Rd, McLean, VA 22102","
fairfaxcounty.gov","
(703) 827-0989",38.8431009,-114.1899343,kids swimming lessons,22116,
Goldfish+Swim+School+ +Reston,"
1239 Spring Hill Rd, McLean, VA 22102","
fairfaxcounty.gov","
(703) 827-0989",38.8431009,-114.1899343,kids swimming lessons,22116,
Tuckahoe+Recreation+Club,"
1814 Great Falls St, McLean, VA 22101","
tuckahoe.net","
(703) 356-1205",38.8431009,-114.1899343,kids swimming lessons,22116,
Goldfish+Swim+School+ +Ashburn,"
1814 Great Falls St, McLean, VA 22101","
tuckahoe.net","
(703) 356-1205",38.8431009,-114.1899343,kids swimming lessons,22116,
Franconia+Rec+Center,"
6601 Telegraph Rd, Alexandria, VA 22310","
fairfaxcounty.gov","
(703) 922-9841",38.8431009,-114.1899343,kids swimming lessons,22116,
Instaswim,,"
instaswimusa.com","
(888) 610-2656",31.824929,-151.265898,kids swimming lessons,22116,
Hall+Swim+Academy,,"
instaswimusa.com","
(888) 610-2656",31.824929,-151.265898,kids swimming lessons,22116,
Kids+First+Swim+School+ +Manassas,"
10298 Festival Ln, Manassas, VA 20109","
kidsfirstswim.com","
(571) 535-3200",38.7791523,-114.4188161,kids swimming lessons,22116,
Life+Time,"
9602 Main St, Fairfax, VA 22031","
lifetime.life","
(703) 323-8700",38.7791523,-114.4188161,kids swimming lessons,22116,
Swimming+Lesson+Club+Usa,,"
swimlessonclubusa.com","
(904) 612-2105",46.423669,-166.8567711,kids swimming lessons,22116,
Sunsational+Swim+School+ +Private+Swim+Lessons+At+Home+ +Lifeguard+Service,,"
sunsationalswimschool.com","
(888) 788-2140",33.2672626,-144.2198205,kids swimming lessons,22116,
Swim+Life,,"
myswimlife.com","
(407) 878-4352",33.2672626,-144.2198205,kids swimming lessons,22116,
Everythingswim,,"
everythingswimco.lpages.co","
(202) 827-6571",38.8938062,-113.9285351,kids swimming lessons,22116,
Brooklyn+Swim+Center,"
2057 Linden Blvd, Brooklyn, NY 11207","
brooklynswim.com",,38.8938062,-113.9285351,kids swimming lessons,22116,
Sunsational+Swim+School,"
3052 Clairemont Dr, San Diego, CA 92109","
sunsationalswimschool.com","
(858) 256-7870",32.7961018,-154.1078179,indoor swim lessons for kids,22116,
"Goldfish+Swim+School+Franchising,+Llc","
2701 Industrial Row Dr, Troy, MI 48084","
goldfishswimschool.com","
(800) 856-5120",42.540209,-120.0953783,indoor swim lessons for kids,22116,
Mount+Vernon+Rec+Center,"
2017 Belle View Blvd, Alexandria, VA 22307","
fairfaxcounty.gov","
(703) 768-3224",42.540209,-120.0953783,indoor swim lessons for kids,22116,
"You+Can+Learn+To+Swim,+Llc",,"
youcanlearntoswim.com","
(336) 794-6637",42.540209,-120.0953783,indoor swim lessons for kids,22116,
Florida+Swim+Company,,"
floridaswimcompany.com","
(833) 235-7946",42.540209,-120.0953783,indoor swim lessons for kids,22116,
First+Stroke+Aquatics,,"
firststrokeaquatics.com","
(877) 843-6562",42.540209,-120.0953783,indoor swim lessons for kids,22116,
British+Swim+School+Of+Patapsco+Valley,,"
firststrokeaquatics.com","
(877) 843-6562",42.540209,-120.0953783,indoor swim lessons for kids,22116,
British+Swim+School+Of+Hudson+Waterfront,,"
britishswimschool.com","
(201) 676-3630",42.540209,-120.0953783,indoor swim lessons for kids,22116,
Splish+Splash+Swim+School+Llc,,"
splishsplashswimschool.com","
(213) 479-1132",42.540209,-120.0953783,indoor swim lessons for kids,22116,
Aqua+Warriors+Llc,,"
aquaawarriors.wixsite.com","
(646) 808-9123",42.540209,-120.0953783,indoor swim lessons for kids,22116,
Poolskool+Usa+ +Swim+School,,"
poolskoolusa.com","
(352) 394-3040",42.540209,-120.0953783,indoor swim lessons for kids,22116,
Fair+City+Mall,"
9650 Main St, Fairfax, VA 22031","
faircitymall.com","
(703) 278-8801",42.540209,-120.0953783,indoor swim lessons for kids,22116,
Swim+With+Mr.+Blue,,"
swimwithmrblue.com","
(954) 956-9955",42.540209,-120.0953783,indoor swim lessons for kids,22116,
Swimsavvy+Academy,,"
swimsavvyacademy.com",,42.540209,-120.0953783,indoor swim lessons for kids,22116,
Seattle+Swim+Academy,,"
seattleswimacademy.com",,42.540209,-120.0953783,indoor swim lessons for kids,22116,
"Splash+Class+Middle+Ga.,+Llc",,"
yarbrough20.wixsite.com","
(478) 955-8904",42.540209,-120.0953783,indoor swim lessons for kids,22116,
Aqua+School,,"
aquaschool.us","
(754) 217-5028",42.540209,-120.0953783,indoor swim lessons for kids,22116,
British+Swim+School+Of+Brooklyn+Queens,,"
britishswimschool.com","
(718) 576-1870",42.540209,-120.0953783,indoor swim lessons for kids,22116,
Floaty+Swim+School,,"
floatyswimschool.com","
(818) 253-4791",42.540209,-120.0953783,indoor swim lessons for kids,22116,
Lilly%27S+Bluefin+Aquatics,,"
lillysbluefinaquatics.com","
(213) 446-1734",42.540209,-120.0953783,swimming classes for kids,22116,
Swimscool+Llc,,"
helloswimscool.com","
(310) 384-1898",42.540209,-120.0953783,swimming classes for kids,22116,
Swim+Lessons+Co. +Orange,,,"
(714) 860-8940",42.540209,-120.0953783,swimming classes for kids,22116,
Swimfit+Llc,,"
swimfitllc.com","
(404) 788-8544",42.540209,-120.0953783,swimming classes for kids,22116,
Cc+Swim+Academy,,"
swimfitllc.com","
(404) 788-8544",42.540209,-120.0953783,swimming classes for kids,22116,
Swim+To+Ethan,,"
swimtoethan.com","
(310) 462-8755",42.540209,-120.0953783,swimming classes for kids,22116,
Sf+Swimming,,"
sfswimming.com","
(267) 370-7050",42.540209,-120.0953783,swimming classes for kids,22116,
British+Swim+Academy,,"
britishswimacademy.com","
(424) 272-1030",42.540209,-120.0953783,swimming classes for kids,22116,
Nickbswimming,,,"
(907) 419-8836",42.540209,-120.0953783,swimming classes for kids,22116,
Swimming+Lessons,,,,42.540209,-120.0953783,swimming classes for kids,22116,
British+Swim+School+Of+Flatirons,,,,42.540209,-120.0953783,swimming classes for kids,22116,
East+Valley+Swim+Team,,"
eastvalleyswimteam.com","
(928) 719-0055",42.540209,-120.0953783,youth swimming programs,22116,
Coach+Eugene%27S+Swim+Lessons,,"
swimwitheugene.com","
(216) 534-5121",42.540209,-120.0953783,youth swimming programs,22116,
Swimwithswimdy,,"
swimwithswimdy.com","
(858) 699-6653",42.540209,-120.0953783,youth swimming programs,22116,
Villa+Aquatic+Club+Inc,"
4299 Andes Dr, Fairfax, VA 22030","
villaaquatic.com","
(703) 591-9447",42.540209,-120.0953783,youth swimming programs,22116,
Letswim,"
42065 Berkley Hl Ter, Aldie, VA 20105","
letswim.com","
(703) 717-3411",42.540209,-120.0953783,youth swimming programs,22116,
Fh+Kids+Academy,,,,42.540209,-120.0953783,youth swimming programs,22116,
Private+Swim+Lessons Starfish+Swim+Academy,,"
starfishswimacademy.net","
(562) 900-4645",42.540209,-120.0953783,water safety classes for kids,22116,
Water+Otter+Swim+School,,"
waterotters.com","
(818) 693-3113",42.540209,-120.0953783,water safety classes for kids,22116,
Swimsessions.Com+ +Kids+At Home+Private+Swim+Lessons+With+Coach+Mya,,"
swimsessions.com","
(626) 344-0108",42.540209,-120.0953783,water safety classes for kids,22116,
Swimright+Anywhere,,"
swimrightacademy.com","
(323) 433-1810",42.540209,-120.0953783,water safety classes for kids,22116,
Shark+Swim+Lessons,,"
sharkswimlessons.com","
(702) 755-7946",42.540209,-120.0953783,water safety classes for kids,22116,
Fintastic+Swimming+With+Kylie,,"
fintasticswimming.com","
(970) 531-2703",42.540209,-120.0953783,water safety classes for kids,22116,
Aquasplash+Swim+Academy,,"
aquasplashaz.org","
(480) 978-5159",42.540209,-120.0953783,water safety classes for kids,22116,
Swim4Life+Open+Water+Ready,,"
swim4lifecolorado.com",,42.540209,-120.0953783,water safety classes for kids,22116,
Solari+Swim+School,,"
solariswimschool.com","
(214) 380-4665",42.540209,-120.0953783,water safety classes for kids,22116,
Friscoswim+School,,"
friscoswim.com","
(214) 618-8342",42.540209,-120.0953783,water safety classes for kids,22116,
Swim+Waco,,"
swimkidswaco.com","
(254) 300-1728",42.540209,-120.0953783,water safety classes for kids,22116,
Ccc+Swimming,,"
cccswimming.com","
(817) 946-6351",42.540209,-120.0953783,water safety classes for kids,22116,
The+Floating+Kiwi+Swimming+School,,,"
(214) 535-2285",42.540209,-120.0953783,water safety classes for kids,22116,
Safesplash+Swim+School+ +Friendship+Heights,"
4300 Military Rd NW, Washington, DC 20015","
safesplash.com","
(202) 963-0833",42.540209,-120.0953783,water safety classes for kids,22116,
Aqua Tots+Swim+School+Sterling,"
45591 Dulles Eastern Plaza, Sterling, VA 20166","
aqua-tots.com","
(571) 520-2201",42.540209,-120.0953783,private swim lessons for kids,22116,
Pozez+Jewish+Community+Center+Of+Northern+Virginia,"
8900 Little River Turnpike, Fairfax, VA 22031","
thej.org","
(703) 323-0880",42.540209,-120.0953783,private swim lessons for kids,22116,
British+Swim+School+Of+Staten+Island,,"
britishswimschool.com","
(718) 576-1870",42.540209,-120.0953783,private swim lessons for kids,22116,
The+Swim+Whisperers+Academy,,"
britishswimschool.com","
(718) 576-1870",42.540209,-120.0953783,private swim lessons for kids,22116,
Aquatics+Academy,,"
aquaticsacademy.com","
(973) 406-7261",42.540209,-120.0953783,private swim lessons for kids,22116,
Avantis+Swimming+Academy,,"
activityhero.com","
(347) 380-8777",42.540209,-120.0953783,private swim lessons for kids,22116,
Aquatico+Swim+Lessons,,"
activityhero.com","
(347) 380-8777",42.540209,-120.0953783,private swim lessons for kids,22116,
Little+Swimmers+Academy,,,"
(863) 224-6393",42.540209,-120.0953783,private swim lessons for kids,22116,
British+Swim+School+Of+Southwest+Broward,,,"
(863) 224-6393",42.540209,-120.0953783,private swim lessons for kids,22116,
George+Mason+University,"
4400 University Dr, Fairfax, VA 22030","
gmu.edu","
(703) 993-1000",42.540209,-120.0953783,private swim lessons for kids,22116,
Aquaskills+Llc+Office+Address,,"
aquaskills.com","
(646) 724-7024",42.540209,-120.0953783,private swim lessons for kids,22116,
Wakefield+Aquatics+Center,"
1325 S Dinwiddie St, Arlington, VA 22204","
apsva.us","
(703) 228-2395",42.540209,-120.0953783,aquatic center for kids,22116,
Washington Liberty+Aquatics+Center,"
1301 N Quincy St, Arlington, VA 22201","
apsva.us","
(703) 228-6262",42.540209,-120.0953783,aquatic center for kids,22116,
Yorktown+Aquatics+Center,"
Parking lot, 5200 Yorktown Blvd, Arlington, VA 22207","
apsva.us","
(703) 228-8754",42.540209,-120.0953783,aquatic center for kids,22116,
Aquatic+And+Fitness+Center,"
Parking lot, 5200 Yorktown Blvd, Arlington, VA 22207","
apsva.us","
(703) 228-8754",42.540209,-120.0953783,aquatic center for kids,22116,
Machine+Aquatics+Llc,"
204 Mill St NE D, Vienna, VA 22180","
machineaquatics.com","
(703) 281-1500",42.540209,-120.0953783,aquatic center for kids,22116,
Cub+Run+Rec+Center,"
4630 Stonecroft Blvd, Chantilly, VA 20151","
fairfaxcounty.gov","
(703) 817-9407",42.540209,-120.0953783,aquatic center for kids,22116,
Providence+Rec+Center,"
7525 Marc Dr, Falls Church, VA 22042","
fairfaxcounty.gov","
(703) 698-1351",42.540209,-120.0953783,aquatic center for kids,22116,
Forest+Hollow+Swim+Inc,"
7525 Marc Dr, Falls Church, VA 22042","
fairfaxcounty.gov","
(703) 698-1351",42.540209,-120.0953783,aquatic center for kids,22116,
Audrey+Moore+Rec+Center,"
8100 Braddock Rd, Annandale, VA 22003","
fairfaxcounty.gov","
(703) 321-7081",42.540209,-120.0953783,aquatic center for kids,22116,
Margaret+Young+Natatorium+At+Farmers+Branch+Aquatics+Center,"
14032 Heartside Pl, Farmers Branch, TX 75234","
farmersbranchtx.gov","
(972) 919-8720",42.540209,-120.0953783,aquatic center for kids,22116,
Oakmont+Rec+Center,"
3200 Jermantown Rd, Oakton, VA 22124","
fairfaxcounty.gov","
(703) 281-6501",42.540209,-120.0953783,aquatic center for kids,22116,
Fairfax+Swimming+Pool,"
4200 Roberts Rd, Fairfax, VA 22032","
fairfaxpool.com","
(703) 691-8166",42.540209,-120.0953783,aquatic center for kids,22116,
George+Washington+Rec+Center,"
8426 Old Mt Vernon Rd, Alexandria, VA 22309","
fairfaxcounty.gov","
(703) 780-8894",42.540209,-120.0953783,aquatic center for kids,22116,
Ocean+Dunes+Waterpark,"
8426 Old Mt Vernon Rd, Alexandria, VA 22309","
fairfaxcounty.gov","
(703) 780-8894",42.540209,-120.0953783,aquatic center for kids,22116,
Swim+Houston+Aquatics+Center,"
8426 Old Mt Vernon Rd, Alexandria, VA 22309","
fairfaxcounty.gov","
(703) 780-8894",42.540209,-120.0953783,aquatic center for kids,22116,
Aquatics+Center,"
20747, 13820 Old Gunpowder Rd, Laurel, MD 20707",,"
(301) 498-2212",42.540209,-120.0953783,aquatic center for kids,22116,
Evelyn+Kirrane+Aquatics+Center,"
20747, 13820 Old Gunpowder Rd, Laurel, MD 20707",,"
(301) 498-2212",42.540209,-120.0953783,aquatic center for kids,22116,
Upton+Hill+Regional+Park,"
6060 Wilson Blvd, Arlington, VA 22205","
novaparks.com","
(703) 534-3437",42.540209,-120.0953783,aquatic center for kids,22116,
City+Of+Revere+Aquatics,"
176 Garfield Ave, Revere, MA 02151","
revere.org",,42.540209,-120.0953783,aquatic center for kids,22116,
Global+Olympic+Aquatics,"
299 W Fort Lee Rd, Bogota, NJ 07603","
globalolympicaquatics.com",,42.540209,-120.0953783,aquatic center for kids,22116,
Aqua Tots+Swim+School+Norwood,"
995 Providence Hwy, Norwood, MA 02062","
aqua-tots.com","
(781) 984-0606",42.540209,-120.0953783,aquatic center for kids,22116,
Hamilton+Pool,"
995 Providence Hwy, Norwood, MA 02062","
aqua-tots.com","
(781) 984-0606",42.540209,-120.0953783,aquatic center for kids,22116,
Doggy+Paddle+Aquatic+Center+For+Dogs,"
995 Providence Hwy, Norwood, MA 02062","
aqua-tots.com","
(781) 984-0606",42.540209,-120.0953783,aquatic center for kids,22116,
Viking+Aquatics+Center,"
King of Prussia, PA 19406","
uppermerionvikings.org",,42.540209,-120.0953783,aquatic center for kids,22116,
Orca+Aquatics,"
King of Prussia, PA 19406","
uppermerionvikings.org",,42.540209,-120.0953783,aquatic center for kids,22116,
Brookland+Swim+Academy,"
King of Prussia, PA 19406","
uppermerionvikings.org",,42.540209,-120.0953783,aquatic center for kids,22116,
Burke+Racquet+%26+Swim+Club,"
King of Prussia, PA 19406","
uppermerionvikings.org",,42.540209,-120.0953783,aquatic center for kids,22116,
Alberta+Morris+Pool+%28Nepsca%29,"
11212 Academy Rd, Philadelphia, PA 19154",,,42.540209,-120.0953783,aquatic center for kids,22116,
Fox+Mill+Estates+Swim+And+Tennis+Club,"
2720 Viking Dr, Herndon, VA 20171","
foxmillpool.wordpress.com","
(703) 860-5540",42.540209,-120.0953783,aquatic center for kids,22116,
"Youth+Aquatics,+Inc","
2720 Viking Dr, Herndon, VA 20171","
foxmillpool.wordpress.com","
(703) 860-5540",42.540209,-120.0953783,aquatic center for kids,22116,
Aquakids+Inc,"
6855 SW 152nd St, Palmetto Bay, FL 33158","
aquakidsswim.com","
(305) 232-4222",42.540209,-120.0953783,aquatic center for kids,22116,
Onelife+Fitness+ +Falls+Church,"
1000 E Broad St, Falls Church, VA 22042","
onelifefitness.com","
(571) 533-3608",42.540209,-120.0953783,aquatic center for kids,22116,
Freedom+Aquatics,"
1000 E Broad St, Falls Church, VA 22042","
onelifefitness.com","
(571) 533-3608",42.540209,-120.0953783,aquatic center for kids,22116,
Weaquatics+Swim+Lessons+ +Trinity,"
125 Michigan Ave NE, Washington, DC 20017","
weaquatics.com","
(202) 656-8423",42.540209,-120.0953783,aquatic center for kids,22116,
Nova+Parks,"
5400 Ox Rd, Fairfax Station, VA 22039","
novaparks.com","
(703) 352-5900",42.540209,-120.0953783,aquatic center for kids,22116,
South+Run,"
7550 Reservation Dr, Springfield, VA 22153","
fairfaxcounty.gov",,42.540209,-120.0953783,aquatic center for kids,22116,
"Youth+Aquatics,+Inc.",,"
youthaquatics.com","
(617) 860-2203",42.540209,-120.0953783,aquatic center for kids,22116,
Otter+Zone+Aquatics,,"
otterzoneaquatics.com","
(203) 518-5753",42.540209,-120.0953783,aquatic center for kids,22116,
Atlantic+Aquatics+Llc,,"
otterzoneaquatics.com","
(203) 518-5753",42.540209,-120.0953783,aquatic center for kids,22116,
Wakefield+Park,"
8100 VA-620, Annandale, VA 22003","
fairfaxcounty.gov","
(703) 324-8702",42.540209,-120.0953783,aquatic center for kids,22116,
Climb+Upton,"
6060 Wilson Blvd, Arlington, VA 22205","
novaparks.com","
(703) 534-3437",42.540209,-120.0953783,aquatic center for kids,22116,
Swimming+School+Miami,,"
swimmingschoolmiami.com","
(305) 710-7707",42.540209,-120.0953783,swim academy for kids,22116,
British+Swim+School+Of+North+East+Atlanta,,"
britishswimschool.com","
(770) 400-9663",42.540209,-120.0953783,swim academy for kids,22116,
Nation%27S+Capital+Swim+Club,"
8101 Wolftrap Rd, Vienna, VA 22182","
ncapswim.com",,42.540209,-120.0953783,youth swim team,22116,
Commonwealth+Swim+Club,"
9800 Commonwealth Blvd, Fairfax, VA 22032","
commonwealthswimclub.org","
(703) 323-6020",42.540209,-120.0953783,youth swim team,22116,
York+Swim+Club,"
1600 Lupine Den Ct, Vienna, VA 22182","
yorkswim.com","
(571) 384-2352",42.540209,-120.0953783,youth swim team,22116,
Moons+Aquatics+Club,"
99 Adams St, Manassas Park, VA 20111","
moonsaquaticsclub.com","
(703) 343-0905",42.540209,-120.0953783,youth swim team,22116,
Springfield+Swimming+Club,"
7400 Highland St, Springfield, VA 22150","
swimspringfield.org","
(703) 451-9700",42.540209,-120.0953783,youth swim team,22116,
The+Fish,"
1340 Old Chain Bridge Rd, McLean, VA 22101","
teamunify.com","
(703) 870-8664",42.540209,-120.0953783,youth swim team,22116,
Mosby+Woods+Pool,"
3136 Fair Woods Pkwy, Fairfax, VA 22030","
mosbywoodspool.com","
(703) 544-1983",42.540209,-120.0953783,youth swim team,22116,
Potomac+Marlins,"
3210 King St, Alexandria, VA 22302","
potomacmarlins.com","
(703) 820-7946",42.540209,-120.0953783,youth swim team,22116,
Goldfish+Swim+School+ +Alexandria,"
3155-B Duke St, Alexandria, VA 22314","
goldfishswimschool.com","
(703) 844-2818",42.540209,-120.0953783,youth swim team,22116,
Chinquapin+Park+Recreation+Center+%26+Aquatics+Facility,"
3210 King St, Alexandria, VA 22302","
alexandriava.gov","
(703) 746-5553",42.540209,-120.0953783,youth swim team,22116,
Little+Falls+Swimming+Club,"
5205 Little Falls Dr, Bethesda, MD 20816","
littlefallsswimmingclub.com","
(301) 718-2469",42.540209,-120.0953783,youth swim team,22116,
757+Swim+Aquatic+Center,"
5720 Warhill Trail, Williamsburg, VA 23188","
teamunify.com",,42.540209,-120.0953783,youth swim team,22116,
Corporate+Office+Ymca+Of+The+Virginia+Peninsulas,"
41 Old Oyster Point Rd STE C, Newport News, VA 23602","
ymcavp.org","
(757) 223-7925",42.540209,-120.0953783,youth swim team,22116,
Northern+Neck+Family+Ymca,"
39 William B Graham Ct, Kilmarnock, VA 22482","
ymcavp.org","
(804) 435-0223",42.540209,-120.0953783,youth swim team,22116,
Swim+Warriors+Incorporated,"
471 Quill Dr, Dawsonville, GA 30534","
swimwarriors.com","
(706) 701-3789",42.540209,-120.0953783,youth swim team,22116,
Water+Mine+Family+Swimmin%27+Hole,"
1400 Lake Fairfax Dr, Reston, VA 20190","
fairfaxcounty.gov","
(703) 246-5929",42.540209,-120.0953783,youth swim team,22116,
Safesplash+Swim+School+ +Alexandria+ +Kingstowne,"
5508 Franconia Rd, Alexandria, VA 22310","
safesplash.com","
(703) 665-1800",38.7850987,-114.043793,kids swimming lessons,22121,
Trident+Aquatics+Club,"
10001 N 127th E Ave, Owasso, OK 74055","
tridentaquatics.club",,36.2989883,-132.7468872,kids swimming lessons,22121,
Brookland+Swim+Academy,"
5719 Kansas Ave NW, Washington, DC 20011","
brooklandswimacademy.com","
(202) 413-5964",38.9594761,-113.9265062,kids swimming lessons,22121,
Swimming+Lesson+Club+Usa,,,"
(904) 612-2105",46.423669,-166.8567711,kids swimming lessons,22121,
Miller+Swim+School+ +Owasso,"
inside Trident Aquatics Club, 10001 N 127th E Ave, Owasso, OK 74055","
millerswimschool.com","
(918) 254-1988",36.2989084,-132.7468913,kids swimming lessons,22121,
Ymca+Bethesda Chevy+Chase,"
9401 Old Georgetown Rd, Bethesda, MD 20814","
ymcadc.org","
(301) 530-3725",39.0100512,-114.0271983,kids swimming lessons,22121,
Northside+Fitness,,"
northsideswimacademy.com","
(678) 208-3629",39.0100512,-114.0271983,kids swimming lessons,22121,
Ymca+Of+Metropolitan+Washington+ +Association+Services+Office,"
1325 W St NW, Washington, DC 20009","
ymcadc.org","
(202) 232-6700",39.0100512,-114.0271983,kids swimming lessons,22121,
Silver+Spring+Ymca,"
9800 Hastings Dr, Silver Spring, MD 20901","
ymcadc.org","
(301) 585-2120",39.0100512,-114.0271983,kids swimming lessons,22121,
British+Swim+School+Of+Dupage Kane,,"
britishswimschool.com","
(630) 333-9382",39.0100512,-114.0271983,kids swimming lessons,22121,
Ravensworth+Shopping+Center,"
5204 Port Royal Rd, Springfield, VA 22151",,"
(571) 419-6954",39.0100512,-114.0271983,kids swimming lessons,22121,
Connect+The+Dots+Swim,,"
connectthedotsswim.com",,34.2091149,-155.828683,kids swimming lessons,22121,
New+York+Aquatics+Club,,,"
(347) 417-3335",34.2091149,-155.828683,kids swimming lessons,22121,
Sun+Fun+Swimmers,,"
sunfunswimmers.com","
(310) 971-7115",30.5031103,-155.8959654,indoor swim lessons for kids,22121,
Get+In+%26+Swim,,"
getinandswim.com",,30.5031103,-155.8959654,indoor swim lessons for kids,22121,
Swim+Lessons,,"
tortugaswimlessons.com","
(435) 720-0652",30.5031103,-155.8959654,indoor swim lessons for kids,22121,
Swimtastic+Swim+School+ +Omaha+%28Northwest%29,"
2920 N 118th St, Omaha, NE 68164","
swimtastic.com","
(402) 496-7946",41.2852516,-133.013359,indoor swim lessons for kids,22121,
Goldfish+Swim+School+ +Chesapeake,"
1249 Cedar Rd #105, Chesapeake, VA 23322","
goldfishswimschool.com","
(757) 798-1289",36.7157185,-113.1988262,indoor swim lessons for kids,22121,
Swim+Pro+Of+Miami+Llc,,"
swimproofmiami.com","
(786) 925-6600",36.7157185,-113.1988262,indoor swim lessons for kids,22121,
Csu+San+Bernardino+Swim+Lessons,"
5500 University Pkwy, San Bernardino, CA 92407","
csusb.edu","
(909) 537-2348",34.1813101,-154.2326613,indoor swim lessons for kids,22121,
Sunsational+Swim+School+ +Private+Swim+Lessons,,"
sunsationalswimschool.com","
(213) 286-5483",23.7597091,-154.4199609,water safety classes for kids,22121,
Aquatic+Safety+Inc,"
7261 Piute Creek Dr, Corona, CA 92881","
aquaticsafetyinc.org",,23.7597091,-154.4199609,water safety classes for kids,22121,
Safesplash+Swim+School+ +San+Jose+%28Crane+Court%29,"
1610 Crane Ct, San Jose, CA 95112","
safesplash.com","
(408) 429-2814",23.7597091,-154.4199609,water safety classes for kids,22121,
Safesplash+Swim+School+ +Elk+Grove,"
2260 Longport Ct, Elk Grove, CA 95758","
safesplash.com","
(916) 550-3200",23.7597091,-154.4199609,water safety classes for kids,22121,
Safesplash+Swim+School+ +Natomas,"
4710 Natomas Blvd #100, Sacramento, CA 95835","
safesplash.com","
(916) 287-1259",23.7597091,-154.4199609,water safety classes for kids,22121,
North+Natomas+Aquatic+Complex,"
2601 New Market Dr, Sacramento, CA 95835","
cityofsacramento.gov","
(916) 808-2306",23.7597091,-154.4199609,water safety classes for kids,22121,
Aquasafe+Swim+School,"
4550 La Jolla Village Dr, San Diego, CA 92121","
aquasafeswimming.com","
(619) 531-8888",23.7597091,-154.4199609,water safety classes for kids,22121,
Survival+Swim+With+Kim,,"
survivalswimwithkim.com","
(805) 620-7177",23.7597091,-154.4199609,water safety classes for kids,22121,
Swimsation+Swim+School+ +Lessons+At+Your+Pool,,"
swimsationswimschool.com","
(858) 264-6452",23.7597091,-154.4199609,water safety classes for kids,22121,
Class+Aquatics,,"
classaquatics.org","
(818) 389-8812",23.7597091,-154.4199609,water safety classes for kids,22121,
British+Swim+School+Of+The+Valley,,"
britishswimschool.com","
(480) 536-8359",23.7597091,-154.4199609,private swim lessons for kids,22121,
British+Swim+School+Of+Seattle,,"
britishswimschool.com","
(425) 318-7390",23.7597091,-154.4199609,private swim lessons for kids,22121,
Arizona+Infant+Swim,,"
arizonainfantswim.com","
(623) 680-7093",23.7597091,-154.4199609,private swim lessons for kids,22121,
Swimming+With,,"
swimmingwith.org","
(425) 765-3087",23.7597091,-154.4199609,private swim lessons for kids,22121,
Little+Dipper+Aquatic+Center,"
2525 Stanwell Dr # 250, Concord, CA 94520","
littledipperaquaticcenter.com","
(925) 798-3170",23.7597091,-154.4199609,aquatic center for kids,22121,
Morgan+Hill+Aquatics+Center,"
16200 Condit Rd, Morgan Hill, CA 95037","
ca-morganhill2.civicplus.com","
(408) 782-2134",23.7597091,-154.4199609,aquatic center for kids,22121,
Sierra+College+Aquatics+Complex,"
5100 Sierra College Blvd, Rocklin, CA 95677","
sierracollege.edu",,23.7597091,-154.4199609,aquatic center for kids,22121,
Phillip+West+Aquatic+Center,"
100 Benton Way, American Canyon, CA 94503","
americancanyon.gov","
(707) 648-7275",23.7597091,-154.4199609,aquatic center for kids,22121,
San+Ramon+Olympic+Pool+%26+Aquatic+Center,"
9900 Broadmoor Dr, San Ramon, CA 94583","
sanramon.ca.gov","
(925) 973-3240",23.7597091,-154.4199609,aquatic center for kids,22121,
Soda+Aquatic+Center,"
300 Moraga Rd, Moraga, CA 94556","
acalanes.k12.ca.us",,23.7597091,-154.4199609,aquatic center for kids,22121,
Hamilton+Aquatic+Center+%28Indoor+Pool%29,"
1900 Geary Blvd, San Francisco, CA 94115","
sfrecpark.org","
(415) 292-2008",23.7597091,-154.4199609,aquatic center for kids,22121,
Legends+Aquatic+Center,"
2214 Bancroft Way, Berkeley, CA 94704","
calbears.com",,23.7597091,-154.4199609,aquatic center for kids,22121,
Richmond+Swim+Center,"
4300 Cutting Blvd, Richmond, CA 94804","
ci.richmond.ca.us","
(510) 620-6654",23.7597091,-154.4199609,aquatic center for kids,22121,
Maaquatics,"
1317 Butterfield Rd, San Anselmo, CA 94960","
maaquatics.com","
(415) 234-1056",23.7597091,-154.4199609,aquatic center for kids,22121,
Diablo+Aquatics,"
10 Tennis Club Dr, Blackhawk, CA 94506","
diabloaquatics.com","
(925) 263-2975",23.7597091,-154.4199609,aquatic center for kids,22121,
Albany+Aquatic+Center,"
1311 Portland Ave, Albany, CA 94706","
albanyaquaticcenter.com","
(510) 559-6640",23.7597091,-154.4199609,aquatic center for kids,22121,
Pomeroy+Recreation+%26+Rehabilitation+Center,"
Janet Pomeroy Center, 207 Skyline Blvd, San Francisco, CA 94132","
prrcsf.org","
(415) 665-4241",23.7597091,-154.4199609,aquatic center for kids,22121,
Ohana+Aquatics,"
12000 Campus Dr, Oakland, CA 94619","
ohanaaquatics.com","
(510) 759-2782",23.7597091,-154.4199609,aquatic center for kids,22121,
Orange+Pool,"
1 W Orange Ave, South San Francisco, CA 94080","
ssf.net","
(650) 875-6973",23.7597091,-154.4199609,aquatic center for kids,22121,
Sacramento+Aquatics+Club,"
8303 Center Pkwy, Sacramento, CA 95823","
sacramentoaquatics.com",,23.7597091,-154.4199609,aquatic center for kids,22121,
San+Leandro+Family+Aquatic+Center,"
14900 Zelma St, San Leandro, CA 94579","
sanleandro.org","
(510) 577-7966",23.7597091,-154.4199609,aquatic center for kids,22121,
Roseville+Aquatics+Complex,"
3051 Woodcreek Oaks Blvd, Roseville, CA 95747","
roseville.ca.us","
(916) 774-5262",23.7597091,-154.4199609,aquatic center for kids,22121,
Pleasant+Hill+Aquatics,"
468 Boyd Rd, Pleasant Hill, CA 94523","
pleasanthillaquatics.com","
(925) 932-9595",23.7597091,-154.4199609,aquatic center for kids,22121,
Presidio+Community+Ymca+Letterman+Aquatics+Center,"
1151 Gorgas Ave, San Francisco, CA 94123","
ymcasf.org","
(415) 447-9680",23.7597091,-154.4199609,aquatic center for kids,22121,
Ac+Swim+Club,"
25 Golden Hinde Blvd, San Rafael, CA 94903","
acswimclub.com","
(415) 479-9131",23.7597091,-154.4199609,aquatic center for kids,22121,
North+Bay+Aquatics,"
700 Miller Ave, Mill Valley, CA 94941","
northbayaquatics.org","
(415) 435-2169",23.7597091,-154.4199609,aquatic center for kids,22121,
Aquatics+%26+Fitness+Center,"
180 Camino Alto, Mill Valley, CA 94941","
millvalleyrecreation.org","
(415) 383-1370",23.7597091,-154.4199609,aquatic center for kids,22121,
Orinda+Aquatics,"
300 Moraga Rd, Moraga, CA 94556","
teamunify.com",,23.7597091,-154.4199609,aquatic center for kids,22121,
El+Cerrito+Swim+Center,"
7007 Moeser Ln, El Cerrito, CA 94530","
el-cerrito.org","
(510) 559-7011",23.7597091,-154.4199609,aquatic center for kids,22121,
Triton+Aquatics+Club+%7C+Water+Polo+%26+Swimming,,"
tritonaquatics.org","
(925) 231-0426",23.7597091,-154.4199609,aquatic center for kids,22121,
Campbell+County+Aquatic+Center,"
800 E Warlow Dr, Gillette, WY 82716","
ccsd.k12.wy.us","
(307) 686-3757",23.7597091,-154.4199609,aquatic center for kids,22121,
Aquatech+Swim+School+ +Concord,"
1220 Diamond Way #110, Concord, CA 94520","
aquatechswim.com","
(866) 633-4147",23.7597091,-154.4199609,aquatic center for kids,22121,
"Water+World+Swim,+Llc",,"
waterworldswim.com","
(415) 617-5209",23.7597091,-154.4199609,aquatic center for kids,22121,
Oasis+Pool,"
40500 Paseo Padre Pkwy, Fremont, CA 94538","
goaquaadventure.com","
(510) 494-4426",23.7597091,-154.4199609,aquatic center for kids,22121,
Long+Bridge+Aquatics+%26+Fitness+Center,"
333 Long Bridge Drive, Arlington, VA 22202","
arlingtonva.us","
(703) 228-3338",23.7597091,-154.4199609,aquatic center for kids,22121,
Bethesda+Park+Aquatic+Center,"
225 Bethesda Church Rd, Lawrenceville, GA 30044","
gwinnettcounty.com","
(678) 277-0880",23.7597091,-154.4199609,aquatic center for kids,22121,
Minnie+Howard+Aquatics+Facility,"
3795 W Braddock Rd, Alexandria, VA 22302","
alexandriava.gov","
(703) 746-5479",23.7597091,-154.4199609,aquatic center for kids,22121,
Henley+Aquatic+Center,"
18200 MO-78, Independence, MO 64057","
sites.isdschools.org","
(816) 521-5377",23.7597091,-154.4199609,aquatic center for kids,22121,
Round+Hill+Indoor+Aquatic+Center,"
17010 Evening Star Dr, Round Hill, VA 20141","
loudoun.gov","
(571) 258-3562",23.7597091,-154.4199609,aquatic center for kids,22121,
Aquamari+Swimming,,"
msha.ke","
(925) 348-6637",23.7597091,-154.4199609,aquatic center for kids,22121,
Plano+Aquatic+Center,"
2301 Wildcat Wy, Plano, TX 75075","
plano.gov","
(972) 769-4232",23.7597091,-154.4199609,aquatic center for kids,22121,
British+Swim+School+Of+Northern+East+Bay,,"
britishswimschool.com","
(925) 399-0450",23.7597091,-154.4199609,aquatic center for kids,22121,
British+Swim+School+Of+San+Francisco+Bay+Area,,"
britishswimschool.com","
(650) 777-5544",23.7597091,-154.4199609,swim academy for kids,22121,
The+Swim+Academy+Of+So+Cal,,"
theswimacademyca.com","
(805) 558-1459",23.7597091,-154.4199609,swim academy for kids,22121,
Southern+Utah+Swim+Academy,"
2189 East Colorado Drive, St. George, UT 84770","
southernutahswimacademy.com","
(801) 636-2708",23.7597091,-154.4199609,swim academy for kids,22121,
Swim+With+Sam,,,"
(805) 729-4153",23.7597091,-154.4199609,learn to swim for kids,22121,
Swim+Safe+Utah,,"
swimsafeutah.com","
(502) 257-3941",23.7597091,-154.4199609,learn to swim for kids,22121,
Swim+With+Shai,,,"
(954) 336-6076",23.7597091,-154.4199609,youth swim team,22121,
San+Francisco+Seals+Swim+Team,"
1900 Geary Blvd, San Francisco, CA 94115","
sfsealsswimteam.com","
(415) 212-8821",23.7597091,-154.4199609,youth swim team,22121,
Boys+%26+Girls+Clubs+Of+San+Francisco+ +Don+Fisher+Clubhouse,"
380 Fulton St, San Francisco, CA 94102","
kidsclub.org","
(415) 221-6100",23.7597091,-154.4199609,youth swim team,22121,
Phoenix+Swim+Club,"
3901 E Stanford Dr, Paradise Valley, AZ 85253","
gomotionapp.com","
(602) 468-0319",23.7597091,-154.4199609,youth swim team,22121,
Camp+Mendocino,"
PO BOX 1790, Fort Bragg, CA 95437","
campmendocino.org","
(415) 757-6690",23.7597091,-154.4199609,youth swim team,22121,
Scottsdale+Aquatic+Club,"
7202 E Cactus Rd, Scottsdale, AZ 85260","
scottsdaleswim.com","
(480) 951-5368",23.7597091,-154.4199609,youth swim team,22121,
Life+Time,"
6850 E Chauncey Ln, Phoenix, AZ 85054","
lifetime.life","
(480) 538-9009",23.7597091,-154.4199609,youth swim team,22121,
Aqua Tots+Swim+School+Centreville,,,,38.8280551,-77.7266773,kids swimming lessons,22124,
Country+Club+Hills+Recreation+Corporation,"
3622 Old Post Rd, Fairfax, VA 22030","
cchpool.com","
(703) 591-6114",38.8518214,-77.5800729,kids swimming lessons,22124,
Fair+Oaks+Pool,"
3720 Charles Stewart Dr, Fairfax, VA 22033","
fairoaksrec.com","
(703) 758-1980",38.8518214,-77.5800729,kids swimming lessons,22124,
Mantua+Hills+Swim+Club,"
3720 Charles Stewart Dr, Fairfax, VA 22033","
fairoaksrec.com","
(703) 758-1980",38.8518214,-77.5800729,kids swimming lessons,22124,
Fox+Mill+Woods+Swim+%26+Tennis,"
3720 Charles Stewart Dr, Fairfax, VA 22033","
fairoaksrec.com","
(703) 758-1980",38.8518214,-77.5800729,kids swimming lessons,22124,
Lake+Audubon+Pool+%28Reston+Association%29,"
2070 Twin Branches Rd, Reston, VA 20190","
reston.org","
(703) 860-3080",38.8518214,-77.5800729,kids swimming lessons,22124,
Glade+Pool+%28Reston+Association%29,"
2070 Twin Branches Rd, Reston, VA 20190","
reston.org","
(703) 860-3080",38.8518214,-77.5800729,kids swimming lessons,22124,
Ridge+Heights+Pool+%28Reston+Association%29,"
2070 Twin Branches Rd, Reston, VA 20190","
reston.org","
(703) 860-3080",38.8518214,-77.5800729,kids swimming lessons,22124,
Reston+Community+Center,"
2070 Twin Branches Rd, Reston, VA 20190","
reston.org","
(703) 860-3080",38.8518214,-77.5800729,kids swimming lessons,22124,
Onelife+Fitness+ +Fairfax,"
12300 Price Clb Plz, Fairfax, VA 22030","
onelifefitness.com","
(703) 828-3422",38.8518214,-77.5800729,kids swimming lessons,22124,
Jolly+Yolly+Kids+Indoor+Playground,"
12300 Price Clb Plz, Fairfax, VA 22030","
onelifefitness.com","
(703) 828-3422",38.8518214,-77.5800729,kids swimming lessons,22124,
Hunters+Woods+Pool+%28Reston+Association%29,"
2501 Reston Pkwy, Reston, VA 20191",,"
(703) 391-2187",38.8518214,-77.5800729,kids swimming lessons,22124,
Dogwood+Pool+%28Reston+Association%29,"
2501 Reston Pkwy, Reston, VA 20191",,"
(703) 391-2187",38.8518214,-77.5800729,kids swimming lessons,22124,
Jim+Scott+%28Providence%29+Community+Center,"
2501 Reston Pkwy, Reston, VA 20191",,"
(703) 391-2187",38.8518214,-77.5800729,kids swimming lessons,22124,
Silver+Knights+Chess+Academy,"
2501 Reston Pkwy, Reston, VA 20191",,"
(703) 391-2187",38.8518214,-77.5800729,kids swimming lessons,22124,
Baby+Toddler+%26+Preschool+Land,"
10300 Eaton Pl Suite 440, Fairfax, VA 22030","
chessacademy.com","
(703) 574-2070",38.8518214,-77.5800729,kids swimming lessons,22124,
Lead+By+Example+Tae+Kwon+Do,"
10300 Eaton Pl Suite 440, Fairfax, VA 22030","
chessacademy.com","
(703) 574-2070",38.8518214,-77.5800729,kids swimming lessons,22124,
Aqua Tots+Swim+School+South+Riding,"
10300 Eaton Pl Suite 440, Fairfax, VA 22030","
chessacademy.com","
(703) 574-2070",38.8518214,-77.5800729,kids swimming lessons,22124,
Fairfax+Station+Swim+%26+Tennis+Club,"
10300 Eaton Pl Suite 440, Fairfax, VA 22030","
chessacademy.com","
(703) 574-2070",38.9153028,-77.7778158,kids swimming lessons,22124,
Newbridge+Pool+%28Reston+Association%29,"
6203 Old Arrington Ln, Fairfax Station, VA 22039","
fsstc.com","
(703) 250-7665",38.7883866,-77.6189022,kids swimming lessons,22124,
Life+Time,"
6203 Old Arrington Ln, Fairfax Station, VA 22039","
fsstc.com","
(703) 250-7665",38.7883866,-77.6189022,kids swimming lessons,22124,
Brandywine+Swim+Club,"
9537 Helenwood Dr, Fairfax, VA 22032","
brandywinepool.com","
(703) 323-1109",38.7883866,-77.6189022,kids swimming lessons,22124,
Sideburn+Run+Recreation+Association,"
9537 Helenwood Dr, Fairfax, VA 22032","
brandywinepool.com","
(703) 323-1109",38.7883866,-77.6189022,kids swimming lessons,22124,
Rutherford+Area+Swim+Club,"
9537 Helenwood Dr, Fairfax, VA 22032","
brandywinepool.com","
(703) 323-1109",38.7883866,-77.6189022,kids swimming lessons,22124,
Burke+Station+Swim+Club,"
4609 Marley Rd, Fairfax, VA 22032","
rutherfordpool.org","
(703) 978-9853",38.7883866,-77.6189022,kids swimming lessons,22124,
North+Springfield+Swim+Club,"
4609 Marley Rd, Fairfax, VA 22032","
rutherfordpool.org","
(703) 978-9853",38.7883866,-77.6189022,kids swimming lessons,22124,
The+Swim+Farm+Llc,"
4609 Marley Rd, Fairfax, VA 22032","
rutherfordpool.org","
(703) 978-9853",38.7883866,-77.6189022,kids swimming lessons,22124,
Brookfield+Swim+Club,"
5200 Yorktown Blvd, Arlington, VA 22207","
theswimfarm.com","
(703) 424-4551",38.9026841,-77.4284587,kids swimming lessons,22124,
Old+Keene+Mill+Swim+%26+Racquet+Club,"
5200 Yorktown Blvd, Arlington, VA 22207","
theswimfarm.com","
(703) 424-4551",38.9026841,-77.4284587,kids swimming lessons,22124,
North+Shore+Pool+%28Reston+Association%29,"
11515 N Shore Dr, Reston, VA 20190","
reston.org","
(703) 689-4091",38.9670151,-77.63113,kids swimming lessons,22124,
Tall+Oaks+Pool+%28Reston+Association%29,"
12025 N Shore Dr, Reston, VA 20190",,"
(703) 435-1072",38.9670151,-77.63113,kids swimming lessons,22124,
Norman+Swimming+Llc,"
12025 N Shore Dr, Reston, VA 20190",,"
(703) 435-1072",38.9670151,-77.63113,kids swimming lessons,22124,
Wakefield+Chapel+Recreation+Association+Pool,"
12025 N Shore Dr, Reston, VA 20190",,"
(703) 435-1072",38.9670151,-77.63113,kids swimming lessons,22124,
Swimkids+Swim+School+ +Woodbridge,"
12025 N Shore Dr, Reston, VA 20190",,"
(703) 435-1072",38.9670151,-77.63113,kids swimming lessons,22124,
Rolling+Hills+Swim+Club,"
8301 Carrleigh Pkwy, Springfield, VA 22152","
rollinghillsswimclub.org","
(703) 451-5303",38.6348259,-77.5839457,kids swimming lessons,22124,
Woodley+Pool,"
8301 Carrleigh Pkwy, Springfield, VA 22152","
rollinghillsswimclub.org","
(703) 451-5303",38.6348259,-77.5839457,kids swimming lessons,22124,
Hunters+Creek+Swim+%26+Racquet+Club,"
417 Queens Row St, Herndon, VA 20172","
hunterscreekpool.com","
(703) 437-9866",38.9769238,-77.6568545,kids swimming lessons,22124,
Lee Graham+Swimming+Pool,"
417 Queens Row St, Herndon, VA 20172","
hunterscreekpool.com","
(703) 437-9866",38.9769238,-77.6568545,kids swimming lessons,22124,
The+Swim+Farm+Llc,"
1301 N Quincy St, Arlington, VA 22201","
theswimfarm.com","
(703) 424-4551",38.8874547,-77.3966414,kids swimming lessons,22124,
Swimkids+Swim+School+ +Gainesville,"
1301 N Quincy St, Arlington, VA 22201","
theswimfarm.com","
(703) 424-4551",38.8874547,-77.3966414,kids swimming lessons,22124,
Oakton+Swim+%26+Racquet+Club,"
11714 Flemish Mill Ct, Oakton, VA 22124","
osrc.us","
(703) 620-9800",38.879107,-77.6387391,indoor swim lessons for kids,22124,
Vienna+Aquatic+Club,"
11714 Flemish Mill Ct, Oakton, VA 22124","
osrc.us","
(703) 620-9800",38.879107,-77.6387391,indoor swim lessons for kids,22124,
Somerset+Olde+Creek+Pool+%26+Rec+Club,"
9705 Laurel St, Fairfax, VA 22032","
socpool.com","
(703) 323-9872",38.879107,-77.6387391,indoor swim lessons for kids,22124,
Ymca+Fairfax+County+Reston,"
12196 Sunset Hills Rd, Reston, VA 20190","
ymcadc.org","
(703) 742-8800",38.879107,-77.6387391,indoor swim lessons for kids,22124,
Greenbriar+Pool+Club,"
12196 Sunset Hills Rd, Reston, VA 20190","
ymcadc.org","
(703) 742-8800",38.879107,-77.6387391,indoor swim lessons for kids,22124,
Kings+Ridge+Swim+Club,"
4850 Gainsborough Dr, Fairfax, VA 22032","
krswim.org","
(703) 323-1811",38.879107,-77.6387391,indoor swim lessons for kids,22124,
British+Swim+School+At+Onelife+Fitness+ +Falls+Church,"
1000 E Broad St, Falls Church, VA 22046","
britishswimschool.com","
(202) 988-3825",38.8738641,-77.4468342,indoor swim lessons for kids,22124,
Lakeview+Swim+Club,"
1000 E Broad St, Falls Church, VA 22046","
britishswimschool.com","
(202) 988-3825",38.8738641,-77.4468342,indoor swim lessons for kids,22124,
Lake+Thoreau+Pool+%28Reston+Association%29,"
1000 E Broad St, Falls Church, VA 22046","
britishswimschool.com","
(202) 988-3825",38.8738641,-77.4468342,indoor swim lessons for kids,22124,
Glen+Cove+Pool,"
1000 E Broad St, Falls Church, VA 22046","
britishswimschool.com","
(202) 988-3825",38.8738641,-77.4468342,indoor swim lessons for kids,22124,
British+Swim+School+At+Onelife+Fitness+ +Sterling,"
46262 Cranston St, Sterling, VA 20165","
britishswimschool.com","
(571) 446-3772",38.9416672,-77.6213516,indoor swim lessons for kids,22124,
South+Run+Swim+%26+Racquet+Club,"
46262 Cranston St, Sterling, VA 20165","
britishswimschool.com","
(571) 446-3772",38.9416672,-77.6213516,indoor swim lessons for kids,22124,
The+Swim+Farm+Llc,"
46262 Cranston St, Sterling, VA 20165","
britishswimschool.com","
(571) 446-3772",38.9416672,-77.6213516,indoor swim lessons for kids,22124,
Herndon+Community+Center,"
814 Ferndale Ave, Herndon, VA 20170","
herndon-va.gov","
(703) 787-7300",38.9416672,-77.6213516,indoor swim lessons for kids,22124,
Goldfish+Swim+School+ +Lake+Ridge,"
814 Ferndale Ave, Herndon, VA 20170","
herndon-va.gov","
(703) 787-7300",38.9416672,-77.6213516,indoor swim lessons for kids,22124,
Oak+Chase+Swim+%26+Racquet,"
8580 Oak Chase Cir, Fairfax Station, VA 22039","
crosspointeva.org","
(703) 690-3525",38.9416672,-77.6213516,indoor swim lessons for kids,22124,
Crosspointe+Swim+%26+Racquet,"
8580 Oak Chase Cir, Fairfax Station, VA 22039","
crosspointeva.org","
(703) 690-3525",38.9416672,-77.6213516,indoor swim lessons for kids,22124,
Hunter+Mill+Swim+%26+Racquet+Club,"
10339 Brittenford Dr, Vienna, VA 22182","
hmsrc.org","
(703) 262-0033",38.9416672,-77.6213516,swimming classes for kids,22124,
Vienna+Woods+Swim+%26+Tennis+Club,"
10339 Brittenford Dr, Vienna, VA 22182","
hmsrc.org","
(703) 262-0033",38.9416672,-77.6213516,swimming classes for kids,22124,
British+Swim+School+Of+Bull+Run Gainesville,"
129 Harmony Dr SW, Vienna, VA 22180","
viennawoods.org","
(703) 938-4218",38.9416672,-77.6213516,swimming classes for kids,22124,
Dunn+Loring+Swim+Club%E2%80%8B,"
8326 Cottage St, Vienna, VA 22180","
dlsc.net","
(703) 560-9873",38.9416672,-77.6213516,youth swimming programs,22124,
Fair+Ridge+Swimming+Pool+And+Club+House,"
8326 Cottage St, Vienna, VA 22180","
dlsc.net","
(703) 560-9873",38.9416672,-77.6213516,youth swimming programs,22124,
Foxfield+Pool,"
8326 Cottage St, Vienna, VA 22180","
dlsc.net","
(703) 560-9873",38.9416672,-77.6213516,youth swimming programs,22124,
Swim+Club,"
13998 Parkeast Cir, Chantilly, VA 20151",,"
(703) 803-9641",38.9416672,-77.6213516,youth swimming programs,22124,
Faircrest+Cyclones,"
5401 Calamint Ct, Centreville, VA 20120","
swimfaircrest.com",,38.9416672,-77.6213516,youth swimming programs,22124,
Army+Navy+Country+Club+ +Fairfax,"
5401 Calamint Ct, Centreville, VA 20120","
swimfaircrest.com",,38.9416672,-77.6213516,youth swimming programs,22124,
Big+Blue+Swim+School,"
22000 Dulles Retail Plaza, Dulles, VA 20166","
bigblueswimschool.com","
(571) 773-7562",38.9416672,-77.6213516,water safety classes for kids,22124,
British+Swim+School,"
3940 Centerview Dr, Chantilly, VA 20151","
britishswimschool.com","
(703) 951-3097",38.9416672,-77.6213516,water safety classes for kids,22124,
American+Lifeguard+Association,"
8300 Boone Blvd 5th floor, Vienna, VA 22182","
americanlifeguard.com","
(703) 761-6750",38.9416672,-77.6213516,water safety classes for kids,22124,
Safesplash+Swim+School+ +Sterling,"
8300 Boone Blvd 5th floor, Vienna, VA 22182","
americanlifeguard.com","
(703) 761-6750",38.9416672,-77.6213516,water safety classes for kids,22124,
Sunsational+Swim+School,,"
sunsationalswimschool.com","
(301) 235-2661",38.9416672,-77.6213516,water safety classes for kids,22124,
British+Swim+School+At+Aloft+Dulles+Airport+North+ +Ashburn,"
22390 Flagstaff Plaza, Ashburn, VA 20148","
britishswimschool.com","
(571) 446-3772",38.9416672,-77.6213516,water safety classes for kids,22124,
Diventures,"
22390 Flagstaff Plaza, Ashburn, VA 20148","
britishswimschool.com","
(571) 446-3772",38.9416672,-77.6213516,water safety classes for kids,22124,
Aqua Tots+Swim+School+Leesburg,"
510 Fort Evans Rd NE, Leesburg, VA 20176","
aqua-tots.com","
(571) 267-2195",38.9416672,-77.6213516,water safety classes for kids,22124,
Pwcs+Aquatics+Center,"
13833 Dumfries Rd Door #25, Manassas, VA 20112","
pwcsaquatics.com","
(571) 374-6333",38.9416672,-77.6213516,water safety classes for kids,22124,
The+Moonbounce+Man,"
11325 Lee Hwy, Fairfax, VA 22030","
moonbounceman.com","
(703) 830-8637",38.9416672,-77.6213516,water safety classes for kids,22124,
Worldgate+Athletic+Club,"
11325 Lee Hwy, Fairfax, VA 22030","
moonbounceman.com","
(703) 830-8637",38.9416672,-77.6213516,water safety classes for kids,22124,
British+Swim+School+Of+Loudoun,,"
britishswimschool.com","
(571) 446-3772",38.9416672,-77.6213516,water safety classes for kids,22124,
Kaizen+Mma+Fairfax,"
3950 University Dr Unit 103, Fairfax, VA 22030","
kzmma.com","
(703) 426-5425",38.9416672,-77.6213516,water safety classes for kids,22124,
Goldfish+Swim+School+ +Gaithersburg,"
801 Center Point Way, Gaithersburg, MD 20878","
goldfishswimschool.com","
(301) 417-5183",38.9416672,-77.6213516,water safety classes for kids,22124,
A1+Swimming,"
7510 Maple Ave, Takoma Park, MD 20912","
aonesportscoaching.com","
(800) 503-3029",38.9416672,-77.6213516,water safety classes for kids,22124,
Happy+Hours+Child+Care+Center,"
325 Nutley St NW, Vienna, VA 22180",,"
(703) 281-6618",38.9416672,-77.6213516,water safety classes for kids,22124,
Rei,"
11950 Grand Commons Ave, Fairfax, VA 22030","
rei.com","
(571) 522-6568",38.9416672,-77.6213516,water safety classes for kids,22124,
Dick%27S+Sporting+Goods,"
12000 Fair Oaks Mall, Fairfax, VA 22033","
stores.dickssportinggoods.com","
(571) 328-5007",38.9416672,-77.6213516,water safety classes for kids,22124,
Rising+Stars+Day+School,"
3005 Dower House Dr, Herndon, VA 20171","
risingstarsdayschool.com","
(703) 264-9078",38.9416672,-77.6213516,water safety classes for kids,22124,
Goldfish+Swim+School+ +Rockville,"
1701 Rockville Pike, Rockville, MD 20852","
goldfishswimschool.com","
(301) 640-5592",38.9416672,-77.6213516,water safety classes for kids,22124,
Onelife+Fitness+ +Tysons,"
1701 Rockville Pike, Rockville, MD 20852","
goldfishswimschool.com","
(301) 640-5592",38.9416672,-77.6213516,water safety classes for kids,22124,
Ufc+Gym+Fairfax,"
4475 Market Commons Dr, Fairfax, VA 22033","
ufcgym.com","
(703) 537-0999",38.9416672,-77.6213516,water safety classes for kids,22124,
Haven+Grappling+Academy,"
2929 Eskridge Rd STE C, Fairfax, VA 22031","
havengrappling.com","
(571) 213-8151",38.9416672,-77.6213516,water safety classes for kids,22124,
Kids+First+Swim+School+ +Bethesda,"
4888 Boiling Brook Pkwy, Rockville, MD 20852","
kidsfirstswimschools.com","
(301) 984-7946",38.9416672,-77.6213516,water safety classes for kids,22124,
Closed+ +British+Swim+School+At+Onelife+Fitness+ +Fairfax,"
12300 Price Clb Plz, Fairfax, VA 22030","
britishswimschool.com","
(202) 988-3825",38.9416672,-77.6213516,water safety classes for kids,22124,
Aqua Tots+Swim+School+Barcroft+Plaza,"
6349 Columbia Pike, Falls Church, VA 22041","
aqua-tots.com","
(703) 719-4456",38.9416672,-77.6213516,water safety classes for kids,22124,
Luv+2+Play,"
6349 Columbia Pike, Falls Church, VA 22041","
aqua-tots.com","
(703) 719-4456",38.9416672,-77.6213516,water safety classes for kids,22124,
Kidstrong+Fairfax,,,,38.9416672,-77.6213516,private swim lessons for kids,22124,
Hunt+Valley+Swim+Club,,,,38.9416672,-77.6213516,private swim lessons for kids,22124,
Kent+Gardens+Recreation+Club,"
7100 Sydenstricker Rd, Springfield, VA 22152","
huntvalleyswimclub.org","
(703) 451-9137",38.9416672,-77.6213516,private swim lessons for kids,22124,
Chinn+Aquatics+%26+Fitness+Center,"
13025 Chinn Park Dr, Woodbridge, VA 22192","
pwcva.gov","
(703) 792-8600",38.9416672,-77.6213516,aquatic center for kids,22124,
Lake+Fairfax+Park,"
13025 Chinn Park Dr, Woodbridge, VA 22192","
pwcva.gov","
(703) 792-8600",38.9416672,-77.6213516,aquatic center for kids,22124,
Hayfield+Farm+Swim+Club,"
13025 Chinn Park Dr, Woodbridge, VA 22192","
pwcva.gov","
(703) 792-8600",38.9416672,-77.6213516,aquatic center for kids,22124,
Freedom+Aquatic+%26+Fitness+Center,"
13025 Chinn Park Dr, Woodbridge, VA 22192","
pwcva.gov","
(703) 971-9837",38.9416672,-77.6213516,aquatic center for kids,22124,
Claude+Moore+Recreation+%26+Community+Center,"
46105 Loudoun Park Ln, Sterling, VA 20164","
loudoun.gov","
(571) 258-3600",38.9416672,-77.6213516,aquatic center for kids,22124,
Meadows+Pool,"
46105 Loudoun Park Ln, Sterling, VA 20164","
loudoun.gov","
(571) 258-3600",38.9416672,-77.6213516,aquatic center for kids,22124,
Westlakes+Community+Center,"
46105 Loudoun Park Ln, Sterling, VA 20164","
loudoun.gov","
(571) 258-3600",38.9416672,-77.6213516,aquatic center for kids,22124,
A.V.+Symington+Aquatics+Center,"
46105 Loudoun Park Ln, Sterling, VA 20164","
loudoun.gov","
(571) 258-3600",38.9416672,-77.6213516,aquatic center for kids,22124,
Life+Champ+Martial+Arts+Of+Reston,"
11160 South Lakes Dr, Reston, VA 20191","
hellokarate.com","
(703) 860-5555",38.9416672,-77.6213516,swim academy for kids,22124,
Osa+Martial+Arts Fairfax+City,"
3848 Blenheim Blvd, Fairfax, VA 22030","
osamartialartsfederation.com","
(703) 935-9100",38.9416672,-77.6213516,swim academy for kids,22124,
Letswim+At+One+Loudoun+Community+Center+Pool,"
44605 Russell Branch Pkwy, Ashburn, VA 20147","
letswim.com","
(703) 717-3411",38.9416672,-77.6213516,swim academy for kids,22124,
Parrotfish+Swim+School,"
13570 Lynn St, Woodbridge, VA 22191","
parrotfishswimschool.com","
(703) 999-0196",38.9416672,-77.6213516,swim academy for kids,22124,
Urbanna+Swim+Club,"
13570 Lynn St, Woodbridge, VA 22191","
parrotfishswimschool.com","
(703) 999-0196",38.9416672,-77.6213516,swim academy for kids,22124,
Lake+Ridge+Community+Swim+Club,"
12640 Harbor Dr, Woodbridge, VA 22192","
swimlakeridge.com","
(703) 490-5658",38.9416672,-77.6213516,learn to swim for kids,22124,
Cardinal+Hill+Swim+And+Racquet+Club,"
9117 Westerholme Way, Vienna, VA 22182","
chsrc.com","
(703) 938-0858",38.9416672,-77.6213516,youth swim team,22124,
Metro+Swim+Shop,"
9117 Westerholme Way, Vienna, VA 22182","
chsrc.com","
(703) 938-0858",38.9416672,-77.6213516,youth swim team,22124,
Parliament+Pool+Association,"
9117 Westerholme Way, Vienna, VA 22182","
chsrc.com","
(703) 938-0858",38.9416672,-77.6213516,youth swim team,22124,
Virginia+Hills+Swim+Club,"
9117 Westerholme Way, Vienna, VA 22182","
chsrc.com","
(703) 938-0858",38.9416672,-77.6213516,youth swim team,22124,
Annandale+Swim+%26+Tennis+Club,"
7530 Little River Turnpike, Annandale, VA 22003","
ast22003.org","
(703) 354-4272",38.9416672,-77.6213516,youth swim team,22124,
Ravensworth+Farm+Swim+And+Racquet+Club,"
7530 Little River Turnpike, Annandale, VA 22003","
ast22003.org","
(703) 354-4272",38.9416672,-77.6213516,youth swim team,22124,
Long+Branch+Swim+%26+Racquet+Club,"
9100 Burnetta Dr, Annandale, VA 22003",,,38.9416672,-77.6213516,youth swim team,22124,
Sleepy+Hollow+Recreation+Association,"
3538 Sleepy Hollow Rd, Falls Church, VA 22041","
shrasharks.org","
(703) 941-0456",38.9416672,-77.6213516,youth swim team,22124,
Golf+Course+Island+Pool+%28Reston+Association%29,"
3538 Sleepy Hollow Rd, Falls Church, VA 22041","
shrasharks.org","
(703) 941-0456",38.9416672,-77.6213516,youth swim team,22124,
Orange+Hunt+Swim+%26+Tennis+Club,"
3538 Sleepy Hollow Rd, Falls Church, VA 22041","
shrasharks.org","
(703) 941-0456",38.9416672,-77.6213516,youth swim team,22124,
Fox+Hunt+Swim+%26+Tennis+Club,"
7024 Spaniel Rd, Springfield, VA 22153","
foxhuntswimclub.org","
(703) 451-5015",38.9416672,-77.6213516,youth swim team,22124,
Danbury+Forest+Community+Pool,"
5450 Danbury Forest Dr, Springfield, VA 22151","
danburyforest.org","
(703) 323-0280",38.8029858,-77.3080559,kids swimming lessons,22150,
Edsall+Park+Swim+Club+Inc,"
5505 Montgomery St, Springfield, VA 22151","
edsallparkswimclub.com","
(703) 941-1609",38.8022991,-77.2502814,kids swimming lessons,22150,
Walden+Glen+Swim+%26+Racquet+Club,"
6126 Harmon Pl, West Springfield, VA 22152","
waldenglenpool.org","
(703) 451-9503",38.784407,-77.2850388,kids swimming lessons,22150,
Village+West+Pool,"
7008 Elkton Dr, Springfield, VA 22152","
villagewestpool.com","
(703) 451-9886",38.7843925,-77.2850388,indoor swim lessons for kids,22150,
South+Run+Recreation+Center,"
7550 Reservation Dr, Springfield, VA 22153","
fairfaxcounty.gov","
(703) 866-0566",38.7476957,-77.3466871,indoor swim lessons for kids,22150,
Saratoga+Recreation+Group,"
8070 Edinburgh Dr, Springfield, VA 22153","
saratogapoolva.com","
(703) 455-5400",38.7390585,-77.2885733,indoor swim lessons for kids,22150,
Bren+Mar+Swimming+Pool,"
6324 Edsall Rd, Alexandria, VA 22312","
brenmarpool.com","
(703) 750-1711",38.8041968,-77.2184121,indoor swim lessons for kids,22150,
Canterbury+Woods+Swim+Club,"
6324 Edsall Rd, Alexandria, VA 22312","
brenmarpool.com","
(703) 750-1711",38.8041968,-77.2184121,indoor swim lessons for kids,22150,
Cottontail+Swim+And+Racquet+Club,"
7000 Cottontail Ct, Springfield, VA 22153","
wildapricot.org","
(703) 455-7665",38.7644354,-77.3397319,indoor swim lessons for kids,22150,
Benyaurd+Indoor+Pool,"
10051 Gay Rd, Fort Belvoir, VA 22060","
belvoir.armymwr.com","
(703) 805-2620",38.6860631,-77.210179,indoor swim lessons for kids,22150,
Lincolnia+Park+Recreational+Club,"
6501 Montrose St, Alexandria, VA 22312","
lincolniapark.org","
(703) 941-9676",38.8142134,-77.2335334,indoor swim lessons for kids,22150,
Parklawn+Pool,"
6011 Crater Pl, Alexandria, VA 22312","
parklawnpool.org","
(571) 447-9461",38.8142134,-77.2335334,indoor swim lessons for kids,22150,
Daventry+Community+Pool,"
7801 Painted Daisy Dr, West Springfield, VA 22152",,"
(703) 440-1186",38.7618312,-77.2834289,indoor swim lessons for kids,22150,
Springboard+Pool,"
6500 Deepford St, Springfield, VA 22150","
springboardpool.org","
(703) 719-7359",38.784156,-77.2387278,indoor swim lessons for kids,22150,
Rolling+Valley+Swim+And+Tennis+Club,"
7019 Ashbury Dr, Springfield, VA 22152","
rvstc.org","
(703) 912-4842",38.762082,-77.3101735,indoor swim lessons for kids,22150,
Aquatic+Adventures+Scuba+Academy,"
5408 Port Royal Rd STE C, Springfield, VA 22151","
aquaticadventuresva.com","
(703) 619-1500",38.8038177,-77.2513282,water safety classes for kids,22150,
The+Timbers+Community+Pool,"
6011 Timber Hollow Ln, West Springfield, VA 22152","
timbers-hoa.org",,38.8038105,-77.2513282,aquatic center for kids,22150,
Landsdowne+Community+Pool,"
ON, 8000 Morning View Ln, Alexandria, VA 22315","
landsdowne.org","
(703) 541-5130",38.8038105,-77.2513282,aquatic center for kids,22150,
"Super,+Awesome+%26+Amazing","
ON, 8000 Morning View Ln, Alexandria, VA 22315","
landsdowne.org","
(703) 541-5130",38.8038105,-77.2513282,aquatic center for kids,22150,
Lakeside+Pool,"
ON, 8000 Morning View Ln, Alexandria, VA 22315","
landsdowne.org","
(703) 541-5130",38.8038105,-77.2513282,aquatic center for kids,22150,
Glen+Forest+Community+Pool,"
ON, 8000 Morning View Ln, Alexandria, VA 22315","
landsdowne.org","
(703) 541-5130",38.8038105,-77.2513282,aquatic center for kids,22150,
Laurel+Hill+Community+Center,"
ON, 8000 Morning View Ln, Alexandria, VA 22315","
landsdowne.org","
(703) 541-5130",38.8038105,-77.2513282,aquatic center for kids,22150,
Premier+Aquatics,"
ON, 8000 Morning View Ln, Alexandria, VA 22315","
landsdowne.org","
(703) 541-5130",38.8038105,-77.2513282,aquatic center for kids,22150,
Rolling+Forest+Recreation+Association,"
7011 Flax St, Springfield, VA 22152","
rfpool.com","
(703) 569-1472",38.8038105,-77.2513282,aquatic center for kids,22150,
Warwick+Pool,"
7011 Flax St, Springfield, VA 22152","
rfpool.com","
(703) 569-1472",38.8038105,-77.2513282,aquatic center for kids,22150,
Hidden+Pond+Nature+Center,"
7011 Flax St, Springfield, VA 22152","
rfpool.com","
(703) 569-1472",38.8038105,-77.2513282,aquatic center for kids,22150,
Cameron+Run+Regional+Park,"
7011 Flax St, Springfield, VA 22152","
rfpool.com","
(703) 569-1472",38.8038105,-77.2513282,aquatic center for kids,22150,
Capital+Water+Polo,"
6805 Industrial Rd, Springfield, VA 22151","
capitalwaterpolo.com",,38.8038105,-77.2513282,youth swim team,22150,
Highland+Park+Pool,"
6400 Highland Dr, Alexandria, VA 22310","
highlandparkpool.com","
(703) 922-7343",38.8038105,-77.2513282,youth swim team,22150,
Saratoga+Stingrays,"
8070 Edinburgh Dr, Springfield, VA 22153","
saratogastingrays.com","
(703) 455-5400",38.8038105,-77.2513282,youth swim team,22150,
Millennium+Pool+Management+Llc+%E2%80%93+Swimming+Pool+Management,"
5554 Port Royal Rd Suite 204, Springfield, VA 22151","
mpmpools.com","
(571) 237-7135",38.8038105,-77.2513282,youth swim team,22150,
Lmvsc,"
6212 Cameron Farms Pl, Alexandria, VA 22310","
lmvsc.org","
(703) 863-4255",38.8038105,-77.2513282,youth swim team,22150,
The+St.+James,"
6805 Industrial Rd, Springfield, VA 22151","
thestjames.com","
(703) 239-6870",38.8038105,-77.2513282,youth swim team,22150,
Kingstowne+Snyder+Pool,"
6450 S Van Dorn St, Alexandria, VA 22315","
kingstowne.org","
(703) 922-9477",38.8038105,-77.2513282,youth swim team,22150,
Ponds+Community+Center+%281345%29,"
9837 Burke Pond Ln, Burke, VA 22015","
burkecentreweb.com","
(703) 250-2734",38.7857294,-77.4291792,aquatic center for kids,22151,
Dowden+Terrace+Recreation,"
6300 Holmes Run Pkwy, Alexandria, VA 22311","
dtpool.com","
(703) 998-9761",38.8327592,-77.279223,aquatic center for kids,22151,
Woods+Community+Center,"
6300 Holmes Run Pkwy, Alexandria, VA 22311","
dtpool.com","
(703) 998-9761",38.8327592,-77.279223,aquatic center for kids,22151,
Landings+Community+Center,"
6300 Holmes Run Pkwy, Alexandria, VA 22311","
dtpool.com","
(703) 998-9761",38.8327592,-77.279223,aquatic center for kids,22151,
Shannon+Station+Swimming+Pool,"
6471 Huntsman Blvd, Springfield, VA 22152",,,38.7756872,-77.3951201,aquatic center for kids,22151,
Great+Waves+Waterpark,"
4001 Eisenhower Ave, Alexandria, VA 22304","
novaparks.com","
(703) 960-0767",38.8051738,-77.2441682,aquatic center for kids,22151,
Our+Special+Harbor+Spray+Park,"
4001 Eisenhower Ave, Alexandria, VA 22304","
novaparks.com","
(703) 960-0767",38.8051738,-77.2441682,aquatic center for kids,22151,
Pirate%27S+Cove+Waterpark,"
4001 Eisenhower Ave, Alexandria, VA 22304","
novaparks.com","
(703) 960-0767",38.8051738,-77.2441682,aquatic center for kids,22151,
Ilda+Community+Recreation+Association,"
8900 Braeburn Dr, Annandale, VA 22003",,,38.823539,-77.2858777,youth swim team,22151,
Holmes+Run+Acres+Recreation+Association,"
3451 Gallows Rd, Falls Church, VA 22042","
holmesrunpool.org","
(703) 560-2750",38.8513041,-77.2470556,youth swim team,22151,
Sleepy+Hollow+Bath+%26+Racquet+%28Shbr%29,"
3516 Sleepy Hollow Rd, Falls Church, VA 22044","
shbr.org","
(703) 241-9731",38.847084,-77.2114105,youth swim team,22151,
Onelife+Fitness+ +Burke,"
9250 Old Keene Mill Rd, Burke, VA 22015","
onelifefitness.com","
(703) 455-5433",38.7777718,-77.2996817,youth swim team,22151,
Springfield+Golf+%26+Country+Club,"
8301 Old Keene Mill Rd, Springfield, VA 22152","
sgccva.org","
(703) 451-8600",38.778729,-77.2664729,youth swim team,22151,
Waterworks+Waterpark,"
5301 Dale Blvd, Dale City, VA 22193","
waterworkswaterpark.com","
(703) 792-8415",38.6590301,-77.5176488,aquatic center for kids,22152,
Newington+Forest+Community+Center,"
8201 Southrun Rd, Springfield, VA 22153","
communitysite.com","
(703) 451-8563",38.7738368,-77.2681153,aquatic center for kids,22153,
South+Run+Park,"
7550 Reservation Dr, Springfield, VA 22153","
fairfaxcounty.gov","
(703) 866-0566",38.7495533,-77.346376,youth swim team,22153,
Sky+Zone+Trampoline+Park,"
5325 Port Royal Rd, Springfield, VA 22151","
skyzone.com","
(571) 549-1975",38.8056115,-77.2872284,water safety classes for kids,22158,
West+Springfield+Kindercare,"
8518 Bauer Dr, Springfield, VA 22152","
kindercare.com","
(703) 451-4194",38.8056115,-77.2872284,water safety classes for kids,22158,
"Dolphin+Pool+Services,+Llc","
7043 Wimsatt Rd, Springfield, VA 22151","
dolphinpooldmv.com","
(866) 681-7665",38.8055826,-77.2872285,aquatic center for kids,22158,
Balian+Springs,"
6432 General Green Way, Alexandria, VA 22312","
baliansprings.com","
(703) 436-9107",38.7960636,-77.2323875,aquatic center for kids,22158,
Fairfax+Sportsplex,"
6800 Commercial Dr, Springfield, VA 22151","
fairfaxsportsplex.com","
(703) 750-9521",38.7960636,-77.2323875,aquatic center for kids,22158,
Parkfairfax+Pool+A,"
1117 Martha Custis Dr, Alexandria, VA 22302","
parkfairfax.info",,38.8425272,-77.1506249,aquatic center for kids,22158,
Broyhill+Crest+Recreation+Club,"
7212 Early St, Annandale, VA 22003","
broyhillcrestpool.net","
(703) 914-9608",38.7639402,-77.355245,kids swimming lessons,22159,
Kids+First+Swim+School+ +Waldorf,"
3307 Crain Hwy, Waldorf, MD 20603","
kidsfirstswimschools.com","
(301) 638-7946",38.622007,-77.2064922,kids swimming lessons,22159,
Fit4Mom+Southwest+Nova,"
3307 Crain Hwy, Waldorf, MD 20603","
kidsfirstswimschools.com","
(301) 638-7946",38.622007,-77.2064922,kids swimming lessons,22159,
British+Swim+School,"
2916 Festival Way, Waldorf, MD 20601","
britishswimschool.com","
(301) 597-1700",38.622007,-77.2064922,kids swimming lessons,22159,
Swimming+Lessons+%2F+Private+Mobile+Instructor+Washington+Dc,"
1620 Fuller St NW, Washington, DC 20009",,"
(337) 446-6008",38.9212023,-77.3324219,kids swimming lessons,22159,
The+Oak+Ridge+Swim+Club,"
1620 Fuller St NW, Washington, DC 20009",,"
(337) 446-6008",38.9212023,-77.3324219,kids swimming lessons,22159,
Weaquatics,"
901 6th St SW, Washington, DC 20024","
weaquatics.com","
(202) 656-8423",38.9212023,-77.3324219,kids swimming lessons,22159,
Temple+Hills+Swim+Club,"
5400 Henson Dr, Temple Hills, MD 20748","
templehillswimclub.com","
(301) 894-1875",38.9212023,-77.3324219,kids swimming lessons,22159,
Goldfish+Swim+School+ +Silver+Spring,"
5400 Henson Dr, Temple Hills, MD 20748","
templehillswimclub.com","
(301) 894-1875",38.9212023,-77.3324219,kids swimming lessons,22159,
Fins+Swimming,"
Swim Club, Rockville, MD 20852","
finsswimming.com","
(301) 841-6099",38.9212023,-77.3324219,kids swimming lessons,22159,
Swimlabs+Montgomery+County,"
Swim Club, Rockville, MD 20852","
finsswimming.com","
(301) 841-6099",38.9212023,-77.3324219,kids swimming lessons,22159,
Splash+Swimming,"
16125 Clarkes Gap Rd, Waterford, VA 20197","
splashswimming.us","
(412) 478-5996",39.170429,-77.8982891,indoor swim lessons for kids,22159,
American+Pool+Virginia,"
6596 Fleet Dr, Alexandria, VA 22310","
americanpool.com","
(703) 579-0885",39.1684548,-78.3928954,swimming classes for kids,22159,
Letswim+At+Brambleton+Community+Center+Pool,"
42645 Regal Wood Dr, Brambleton, VA 20148","
letswim.com","
(703) 717-3411",39.1684548,-78.3928954,swimming classes for kids,22159,
Capital+Splash+Swim+Academy,"
1921 8th St NW, Washington, DC 20001","
capitalsplash.org","
(202) 455-5633",38.7548804,-77.3646149,youth swimming programs,22159,
Smallwood+Village+Swim+Club,"
1019 Stone Ave, Waldorf, MD 20602","
smallwoodswimclub.com","
(301) 645-7392",38.6030306,-77.2022949,youth swimming programs,22159,
West+Laurel+Swim+Club,"
1019 Stone Ave, Waldorf, MD 20602","
smallwoodswimclub.com","
(301) 645-7392",38.6030306,-77.2022949,youth swimming programs,22159,
Inverness+Recreation+Club+Inc,"
10820 Deborah Dr, Potomac, MD 20854","
invernessrecreationclub.org","
(301) 983-8813",39.0338578,-77.4530943,youth swimming programs,22159,
Black+Kids+Swim,"
10820 Deborah Dr, Potomac, MD 20854","
invernessrecreationclub.org","
(301) 983-8813",39.0338578,-77.4530943,youth swimming programs,22159,
Go+West+Tennis,"
10820 Deborah Dr, Potomac, MD 20854","
invernessrecreationclub.org","
(301) 983-8813",39.0338578,-77.4530943,youth swimming programs,22159,
Safesplash+Swim+School+ +Columbia+Heights,"
3100 14th St NW, Washington, DC 20010","
safesplash.com","
(202) 888-9954",39.0336259,-77.4530951,water safety classes for kids,22159,
British+Swim+School+Of+Cloppers+Mill+Village+%E2%80%93+Germantown,"
18050 Mateny Rd, Germantown, MD 20874","
britishswimschool.com","
(833) 486-3250",39.0336259,-77.4530951,water safety classes for kids,22159,
Safesplash+Swim+School+ +Ellicott+City,"
8450 Baltimore National Pike Suite 145, Ellicott City, MD 21043","
safesplash.com","
(410) 618-3932",39.0336259,-77.4530951,water safety classes for kids,22159,
British+Swim+School+At+Rockville+At+College+Plaza,"
15120 Frederick Rd, Rockville, MD 20850","
britishswimschool.com","
(833) 486-3250",39.0336259,-77.4530951,water safety classes for kids,22159,
Letswim+At+Virginia+Manor,"
25930 Lennox Hale Dr, Aldie, VA 20105","
letswim.com","
(703) 717-3411",39.0336259,-77.4530951,water safety classes for kids,22159,
Safesplash+Swim+School+ +Chantilly,"
25930 Lennox Hale Dr, Aldie, VA 20105","
letswim.com","
(703) 717-3411",39.0336259,-77.4530951,water safety classes for kids,22159,
Sunfish+Swimming,"
9535 Linton Hall Rd, Bristow, VA 20136",,"
(571) 428-2533",39.0336259,-77.4530951,private swim lessons for kids,22159,
Little+Fish+Swimming,"
6301 Campus Dr, Fredericksburg, VA 22407","
littlefishswimming.com","
(540) 785-2222",39.0336259,-77.4530951,private swim lessons for kids,22159,
Warrenton+Aquatic+And+Recreation+Facility,"
800 Waterloo Rd, Warrenton, VA 20186","
warrentonva.gov","
(540) 349-2520",39.0336259,-77.4530951,private swim lessons for kids,22159,
Little+Fish+Swimming,"
CHH8+FF, Embrey Mill Park, 1600 Mine Rd, Stafford, VA 22554","
littlefishswimming.com","
(540) 785-2222",39.0336259,-77.4530951,private swim lessons for kids,22159,
Larry+Weeks+Community+Pool,"
CHH8+FF, Embrey Mill Park, 1600 Mine Rd, Stafford, VA 22554","
littlefishswimming.com","
(540) 785-2222",39.0336259,-77.4530951,private swim lessons for kids,22159,
Fauquier+Swim+Club,"
7440 Mill House Ln, Warrenton, VA 20187","
fauquierswimclub.com","
(540) 347-9719",39.0336259,-77.4530951,private swim lessons for kids,22159,
Letswim+At+Dominion+Valley+Cc+Athletic+Center,"
5350 Tournament Dr, Haymarket, VA 20169","
letswim.com","
(703) 717-3411",39.0336259,-77.4530951,private swim lessons for kids,22159,
Wilson+Aquatic+Center,"
4551 Fort Dr NW, Washington, DC 20016","
dpr.dc.gov","
(202) 730-0583",39.0336259,-77.4530951,aquatic center for kids,22159,
Nsf+Indian+Head+Aquatics+Center,"
4072 Festival Park Dr, Indian Head, MD 20640","
navymwrindianhead.com","
(301) 744-4616",39.0336259,-77.4530951,aquatic center for kids,22159,
Southern+Regional+Aquatic+Wellness+Center,"
7011 Bock Rd, Fort Washington, MD 20744","
pgparks.com","
(301) 749-4180",39.0336259,-77.4530951,aquatic center for kids,22159,
Big+Blue+Swim+School,"
13032 Middlebrook Road, Germantown, MD 20874","
bigblueswimschool.com","
(240) 801-3998",39.0336259,-77.4530951,swim academy for kids,22159,
Safesplash+Swim+School+ +Montgomery+Village,"
19312 Montgomery Village Ave, Montgomery Village, MD 20886","
safesplash.com","
(240) 207-1156",39.0336259,-77.4530951,swim academy for kids,22159,
British+Swim+School,"
19312 Montgomery Village Ave, Montgomery Village, MD 20886","
safesplash.com","
(240) 207-1156",39.0336259,-77.4530951,swim academy for kids,22159,
Hudson+Valley+Swim+Gaithersburg,"
19312 Montgomery Village Ave, Montgomery Village, MD 20886","
safesplash.com","
(240) 207-1156",39.0336259,-77.4530951,swim academy for kids,22159,
Weaquatics,"
314 Copley Pl, Gaithersburg, MD 20878","
gaithersburg.hvswim.com","
(301) 901-0922",39.0336259,-77.4530951,swim academy for kids,22159,
Hudson+Valley+Swim+ +Silver+Spring,"
2219 Bel Pre Rd, Silver Spring, MD 20906","
silverspring.hvswim.com","
(240) 616-9240",39.0336259,-77.4530951,swim academy for kids,22159,
Letswim+At+Willowsford+Sycamore+House,"
2219 Bel Pre Rd, Silver Spring, MD 20906","
silverspring.hvswim.com","
(240) 616-9240",39.0336259,-77.4530951,swim academy for kids,22159,
Select+Swim+Academy,"
16601 Roundabout Dr, Gaithersburg, MD 20878",,"
(301) 775-3886",39.0336259,-77.4530951,swim academy for kids,22159,
Letswim+At+Hartland,"
41245 Hartland House Ln, Aldie, VA 20105","
letswim.com","
(703) 717-3411",39.0336259,-77.4530951,learn to swim for kids,22159,
Valley+Isr,"
381 Lucy Dr, Harrisonburg, VA 22801","
valleyisr.com","
(540) 421-9728",39.0336259,-77.4530951,learn to swim for kids,22159,
Valley+Swimteam+Phoenix+Llc,"
381 Lucy Dr, Harrisonburg, VA 22801","
valleyisr.com","
(540) 421-9728",39.0336259,-77.4530951,learn to swim for kids,22159,
Little+River+Commons+Swimming+Pool,"
381 Lucy Dr, Harrisonburg, VA 22801","
valleyisr.com","
(540) 421-9728",39.0336259,-77.4530951,learn to swim for kids,22159,
Life+Time,"
381 Lucy Dr, Harrisonburg, VA 22801","
valleyisr.com","
(540) 421-9728",39.0336259,-77.4530951,learn to swim for kids,22159,
Northern+Virginia+4 H+Center+Pool,"
600 4h Center Dr, Front Royal, VA 22630","
nova4h.com","
(540) 635-5029",39.0336259,-77.4530951,learn to swim for kids,22159,
Woodstock+Town+Pool,"
600 4h Center Dr, Front Royal, VA 22630","
nova4h.com","
(540) 635-5029",39.0336259,-77.4530951,learn to swim for kids,22159,
Mclean+Swim+%26+Tennis+Association,"
1700 Margie Dr, McLean, VA 22101","
mcleanswimandtennis.org","
(703) 821-9317",39.0336259,-77.4530951,youth swim team,22159,
Jeff+Rouse+Swim+And+Sport+Center,"
1600 Mine Rd, Stafford, VA 22554","
rousecenter.com","
(540) 318-6332",39.0336259,-77.4530951,youth swim team,22159,
Massad+Marlins+Swim+Team,"
212 Butler Rd, Falmouth, VA 22405","
swimtopia.com","
(540) 371-9622",39.0336259,-77.4530951,youth swim team,22159,
Gmac+Swim+Team,"
21100 Old Great Mills Rd, Great Mills, MD 20634","
swimgmac.org",,39.0336259,-77.4530951,youth swim team,22159,
Congressional+Camp,"
21100 Old Great Mills Rd, Great Mills, MD 20634","
swimgmac.org",,39.0336259,-77.4530951,youth swim team,22159,
La+Fitness,"
6565 Springfield Mall, Springfield, VA 22150","
lafitness.com","
(703) 682-2861",39.0336259,-77.4530951,youth swim team,22159,
Springfield+Swim+%26+Racquet,"
7521 June St, Springfield, VA 22150","
swimspringfield.org","
(703) 455-6203",39.0336259,-77.4530951,youth swim team,22159,
Springfield+Academy,"
5236 Backlick Rd, Springfield, VA 22151","
springfieldacademy.org","
(703) 256-3773",38.8245676,-77.4399182,kids swimming lessons,22160,
Princeton+Woods+Swim+%26+Racquet,"
17000 Naples Ln, Dumfries, VA 22026",,"
(703) 221-7269",38.583091,-77.6036661,kids swimming lessons,22160,
Big+Blue+Swim+School,"
17000 Naples Ln, Dumfries, VA 22026",,"
(703) 221-7269",38.583091,-77.6036661,kids swimming lessons,22160,
Rockville+Swim+%26+Fitness+Center,"
17000 Naples Ln, Dumfries, VA 22026",,"
(703) 221-7269",38.583091,-77.6036661,kids swimming lessons,22160,
Nob+Hill+Swim+Club,"
355 Martins Ln, Rockville, MD 20850","
rockvillemd.gov","
(240) 314-8750",39.0904459,-77.4475397,kids swimming lessons,22160,
Kenwood+School,"
355 Martins Ln, Rockville, MD 20850","
rockvillemd.gov","
(240) 314-8750",39.0904459,-77.4475397,kids swimming lessons,22160,
West+Howard+Swim+Club,"
355 Martins Ln, Rockville, MD 20850","
rockvillemd.gov","
(240) 314-8750",39.0904459,-77.4475397,kids swimming lessons,22160,
Kids+First+Swim+School+ +Frederick,"
355 Martins Ln, Rockville, MD 20850","
rockvillemd.gov","
(240) 314-8750",39.0904459,-77.4475397,kids swimming lessons,22160,
Expressions+Music+Academy,"
355 Martins Ln, Rockville, MD 20850","
rockvillemd.gov","
(240) 314-8750",39.3817437,-77.6938216,kids swimming lessons,22160,
Freedom+Swim+Club,"
1330 Johnsville Rd, Sykesville, MD 21784","
freedomswimclub.org","
(410) 795-9778",39.4170303,-77.2349243,kids swimming lessons,22160,
British+Swim+School+At+La+Fitness+ +Severn,"
7858-A Quarterfield Rd, Severn, MD 21144","
britishswimschool.com","
(410) 695-6200",39.1428067,-76.9389423,kids swimming lessons,22160,
Serenity+Swimming,"
7858-A Quarterfield Rd, Severn, MD 21144","
britishswimschool.com","
(410) 695-6200",39.1428067,-76.9389423,kids swimming lessons,22160,
Jcc+Swim+School,"
7858-A Quarterfield Rd, Severn, MD 21144","
britishswimschool.com","
(410) 695-6200",39.1428067,-76.9389423,kids swimming lessons,22160,
Olney+Indoor+Swim+Center,"
16605 Georgia Ave, Olney, MD 20832","
montgomerycountymd.gov","
(240) 777-4995",39.126893,-78.2242355,indoor swim lessons for kids,22160,
Stone+Ridge+Aquatic+Center,"
16605 Georgia Ave, Olney, MD 20832","
montgomerycountymd.gov","
(240) 777-4995",39.126893,-78.2242355,indoor swim lessons for kids,22160,
Germantown+Indoor+Swim+Center,"
18000 Central Park Cir, Boyds, MD 20841","
montgomerycountymd.gov","
(240) 777-6830",39.126893,-78.2242355,indoor swim lessons for kids,22160,
Piney+Branch+Swimming+Pool,"
18000 Central Park Cir, Boyds, MD 20841","
montgomerycountymd.gov","
(240) 777-6830",39.126893,-78.2242355,indoor swim lessons for kids,22160,
Gaithersburg+Aquatic+Center,"
2 Teachers Way, Gaithersburg, MD 20877","
gaithersburgmd.gov","
(301) 258-6445",39.126893,-78.2242355,indoor swim lessons for kids,22160,
Ann%27S+Aquatics,"
2 Teachers Way, Gaithersburg, MD 20877","
gaithersburgmd.gov","
(301) 258-6445",39.126893,-78.2242355,indoor swim lessons for kids,22160,
